openroot|NO_LICENSE
und-protocol|NO_LICENSE
openroot-spoke-template|NO_LICENSE
agape-ipfs|NO_LICENSE
wisdom-scaffold|NO_LICENSE
agapenet|NO_LICENSE
agape-coordination|NO_LICENSE
openroot-product|NO_LICENSE
openroot-ecosystem|NO_LICENSE
jesseray718|NO_LICENSE
jesseray718|NO_DESC
OpenCell-Thermal-System|NO_LICENSE
fractallattice|NO_LICENSE
oscillation-mesh|NO_LICENSE
agaperesonance|NO_LICENSE
jesseray718.github.io|NO_LICENSE
aerocement|NO_LICENSE
canonical|NO_LICENSE
aerocement-calc|NO_LICENSE
aerocement-calc|NO_DESC
une|NO_LICENSE
renaissance-protocol|NO_LICENSE
openroot-foundation|NO_LICENSE
openroot-thesis|NO_LICENSE
.github|NO_LICENSE
agape-crossover-key|NO_LICENSE
agape-une|NO_LICENSE
etaledger|NO_LICENSE
etaledger|NO_DESC
openroot-canon|NO_LICENSE
agape-primitives|NO_LICENSE
skills-introduction-to-github|NO_LICENSE
jesseray718-archive|NO_LICENSE
jesseray718-archive|NO_DESC
kai-memory|NO_LICENSE
kai-memory|NO_DESC
axiom-library|NO_LICENSE
kai9000|NO_LICENSE
kai9000|NO_DESC
black-locust-rmh|NO_LICENSE
markor|NO_LICENSE
AeroCement_Ecosystem|NO_LICENSE
Reticulum|NO_LICENSE
RNode_Firmware|NO_LICENSE
LXMF|NO_LICENSE
tinyGS|NO_LICENSE
MeshCore|NO_LICENSE
firmware|NO_LICENSE
civilization2.0|NO_LICENSE
open-cell-thermal-loop|NO_LICENSE
open-cell-thermal-open-cell-the|NO_LICENSE
aerocement-|NO_LICENSE
