agape-ipfs|chore/uplift-v4-20260828-020649
agape-coordination|chore/uplift-v4-20260828-053524
jesseray718|feat/profile-clarity
aerocement|chore/uplift-v4-20260828-053524
aerocement|thesis-restructure
une|agape/add-coordination-theorem
openroot-thesis|copilot/restructure-openroot-thesis-repo
openroot-thesis|copilot/squash-and-merge-green-checks
agape-crossover-key|chore/uplift-v4-20260828-053524
agape-primitives|chore/uplift-v4-20260828-053524
RNode_Firmware|false_preamble
RNode_Firmware|revert-4-patch-1
LXMF|chore/uplift-baseline-20260828-233644
tinyGS|New_auth
tinyGS|dev_may
tinyGS|feature/Improv
tinyGS|prepare_release
MeshCore|anon-contacts-fix
MeshCore|config-serializer
MeshCore|default-scope
MeshCore|fast-st7735-display
MeshCore|flood.max.advert
MeshCore|revert-2915-main
MeshCore|ui-color-refactor
