6051	context_bridge/concept_sweeps/20260928_004258/synergetics.txt	3001	c0212a230ec596fc5f03549c26a07ef233ec0e28b73bac44455708996bc1e201	synergetics;synergetic;hive;
5462	context_bridge/concept_sweeps/20260928_004258/synergetic.txt	3468	76773a36b27b4de9f1726c1ced1fb890dc7b68ad2c5d5845ef087f47ab949e73	synergetic calculus;synergetics;synergetic;synergy;void;collective;hive;dimension;
4731	context_bridge/a15_backup/termux_20260928_191232/data/data/com.termux/files/home/sha256.txt	13088	2a95bd00a78d112f4e8f38d5b7600e41becb99c206905b4bbf03b3f308788045	synergetics;synergetic;synergy;void point;void;instantiation;emergence;emergent;swarm;collective;hive;cosmos;toroidal;dimension;causality;
4731	context_bridge/a15_backup/termux_20260928_190708/data/data/com.termux/files/home/sha256.txt	13088	2a95bd00a78d112f4e8f38d5b7600e41becb99c206905b4bbf03b3f308788045	synergetics;synergetic;synergy;void point;void;instantiation;emergence;emergent;swarm;collective;hive;cosmos;toroidal;dimension;causality;
4236	context_bridge/concept_sweeps/20260928_004258/synergy.txt	4031	66095b7059a9af739dee20ceab3a833b3ae24fef00d46f34bd625bbb94458cd9	synergetic calculus;synergetic;synergy;void;emergence;swarm;toroidal;dimension;
4005	context_bridge/concept_sweeps/20260928_004258/swarm.txt	3855	d1aa17d03ad833a46708154ae2b3abd95fb60a2b5d68eb5af5b17bf9ed8fed63	emergence;emergent;swarm;hive;dimension;
1719	context_bridge/grep_sweep_20260927_205737/router_orchestrator.txt	7922	e106da42ee02b9fec1ed412ce34a565523dfa91409a747c43c859e2683ad676f	synergy;void;swarm;hive;cosmos;
889	context_bridge/concept_sweeps/20260928_004258/hive.txt	847	a408e6c08bfb2b726a79d4cbc0115ef3a3e53abf4dc6b6fa2fa83d3cc904d77c	void;swarm;hive;dimension;
449	context_bridge/grep_sweep_20260927_205916/philosophy_in_code.txt	29406	f3efea9398fb944c9e4063b12c81a268cd8b07db8236eb0e4b11393a60ed06d3	synergetic calculus;synergetics;synergetic;synergy;void point;void;instantiation;emergence;emergent;swarm;collective;hive;cosmos;toroidal;dimension;
448	context_bridge/concept_mining/hive_20260928_013038/HIVE_MAP.md	602	a255d725a2107420f1555fdf20658febaa5d1c6bf3f13a3e0fbdf80ee132fe6c	swarm;hive;
399	context_bridge/grep_sweep_20260927_205916/model_config_refs.txt	24741	7b94797bd810d8aafd13ded0693a7276d6f547ccb4ddfc6be800c945d75c7b0d	synergetics;synergetic;synergy;void;emergence;swarm;collective;hive;light_cone;dimension;
275	context_bridge/doc_compile_termux_20260920_222842.md	12267	3db3b885de47e443ee965f3f92c8d58e44389420b04f7ac9e1e19a0bb621de97	synergetics;synergetic;void;swarm;hive;light_cone;
243	context_bridge/concept_sweeps/20260928_004258/emergent.txt	204	9aaf808eccab6a235d82755f69faf044a9e5b07f385efa73e227f29f480e0cc3	synergetic;void;emergence;emergent;swarm;
232	context_bridge/concept_sweeps/20260928_004258/resonance.txt	5898	54703b53e1774102a2394f87424e3dee288327011e123625678d4264966978f3	synergetics;synergetic;synergy;void;swarm;hive;cosmos;
224	context_bridge/grep_sweep_20260927_205916/ledger_state.txt	3958	2e062d638557b46e92ef82ab9df7e187ea7c6a99f36bb8e2ea6b0cb58bcee2de	synergetics;synergetic;void;swarm;hive;cosmos;
197	context_bridge/concept_sweeps/20260928_004258/46656.txt	1427	b5b09640ff3e03a53f1cc2d0c4afd99bd4d0cdb5ab59566c3e1e90e49492d235	synergy;void;emergence;emergent;
147	context_bridge/concept_sweeps/20260928_010158-corrected/agapekb.txt	1381	34f0c820d75caad9fad557da646e3840c79d489293d45af980f850ad5c46ea2a	swarm;hive;cosmos;dimension;
140	context_bridge/concept_sweeps/20260928_010158-corrected/cooperation.txt	1291	c12946fe5de3537bd384b731dfe19cefd025b3bd87374ba30deaf03f222e43ba	synergetic calculus;synergetic;synergy;void;instantiation;emergent;swarm;collective;hive;cosmos;toroidal;dimension;
134	context_bridge/grep_sweep_20260927_205916/digest_files.txt	5966	cdbac82fa1a772a4ae42a1835ee72cb33642133deca82ed0efad0f7cdd368ec4	synergetics;synergetic;synergy;swarm;hive;light_cone;cosmos;
119	context_bridge/optimization_analysis/small_archives_lt50mb.txt	779	1f4f2d96e9a1b6c1de31abe4391a2b7c01fec55e63dc74b90c6c6aee3b16ebfc	hive;
106	context_bridge/grep_sweep_20260927_205916/device_sync.txt	2379	8704ab7add694cec300fd842707f692ce56d0e0a5019f85fb4c3e97e9711c52a	synergetics;synergetic;synergy;void;swarm;hive;cosmos;
98	context_bridge/concept_sweeps/20260928_010158-corrected/atomicfunction.txt	206	64a99482e1dc378633b1c15fc6deed26e1594849948dc06b48c25f03e354a40a	emergence;emergent;swarm;dimension;
72	context_bridge/concept_sweeps/20260928_010158-corrected/philos.txt	920	e615c8cc19629e6a851ce8408ce95334fbcb273e575e6fe7d1d93b672edef10d	synergetic;void;emergence;emergent;swarm;collective;hive;dimension;
63	context_bridge/tree_snapshot_latest.txt	5765	6a234a816bb58a6b803e52336e0a1ce052ea0edcc39d21cf3bdc93f8bb9e9f9c	synergetics;synergetic;synergy;swarm;hive;light_cone;cosmos;
60	context_bridge/kai_deep_harvest_20260928_024955/text/kai-settings.json	3965	eba17aad3739e426a7cbb01ce99b51f06d5bd4eca67735c78b3e383678bea187	void;swarm;collective;hive;dimension;
59	context_bridge/grep_sweep_20260927_205916/gates_canaries.txt	2796	39f744dfef9a287a0d049515a4d2188a4e8ec7c7a5c468d2cbce46c3ce75f6cb	swarm;hive;dimension;
55	context_bridge/gov_promote_proofs_20260928_041935/parent_hash.txt	7381	e437e8f3bc7f0e259643b90999ca808fce00badd71886b015f9bd7affe6aa85f	synergetics;synergetic;synergy;swarm;hive;
51	context_bridge/concept_sweeps/20260928_010158-corrected/coreatomic.txt	618	ec659fc5c38714de887445db898c5889ffb52ccc368e5c8df1025317ba20fc45	void;swarm;dimension;
50	context_bridge/gov_promote_proofs_20260928_041935/nest_hash.txt	7173	6bde7d231ae6995e157e8d4f4e2484bb3a7c253d6081fadaf44f9143cd10a735	synergetics;synergetic;synergy;swarm;hive;
50	context_bridge/concept_mining/distill_20260928_012029/CONCEPT_SOURCES.md	1353	9f728a58a825639954aa57d2a469e03b4384d4c45a46d9cada72f5af975ea4e3	synergetics;synergetic;synergy;swarm;hive;cosmos;dimension;
50	context_bridge/concept_mining/distill_20260928_012029/CONCEPT_SOURCES.clean.md	1353	3b174279287d8b03b21d8f54a8141c3cedfd7d0434627f5c1106251b6eef217c	synergetics;synergetic;synergy;swarm;hive;cosmos;dimension;
47	context_bridge/gh_fleet_housekeeping_20260924_174428.md	126	28e9ecf2c03c7fcd26c885b41c2b62e84d70faf2f937ad194669dd7381a55ce4	hive;dimension;
45	context_bridge/grep_sweep_20260927_205916/rag_layer.txt	4546	a283ae2961a54a714c0d8c6778ae885cf6f390ee284c5481b0251f7371cdad62	hive;dimension;
41	context_bridge/handoffs/zero_dimension_cosmos_state_20260929T060922Z.md	175	25c78997b216bf79db2e32eca08543c3e496a080342541912cf0ee25c7540bd1	synergetic calculus;synergetic;void point;void;instantiation;instantaneation;emergence;emergent;swarm;light_cone;cosmos;toroidal;dimension;
41	context_bridge/concept_sweeps/20260928_004258/tidbit.txt	4550	9126abc2430282cd29ba30d4cd8aa921d61e5f450e2f2e2a7eb4a5fa3e66f1a2	hive;
38	bin/superlinear_optimize_v1.sh	413	3ebe4b96000c204c21f6b0f9acb4422ee0165219d0589b2879172cfd48bef4a1	hive;
37	context_bridge/tree_optiplex_openroot.txt	4648	e89feac858916570325f51f584469e2ed9d32fa31756eee3e39d23963da8dbe9	synergetics;synergetic;synergy;swarm;hive;light_cone;cosmos;
36	bin/0605_synergetics_engine.py	675	30a42a3b648e0845e0f0a3117256bdfb4af2c298010226bf67289c714e9246ab	synergetics;synergetic;
34	context_bridge/grep_sweep_20260927_205916/energy_research.txt	4724	5d105044c995892387e1accd4f898a69749837658810aaddc11a98ef8244090f	synergetic;void;swarm;hive;
31	bin/0089_agapenet_cosmos_engine.py	268	a1593af63e3992a6885fcc5a91af5ed19a827e1c3b9ca8126439b81829cddced	void point;void;instantiation;cosmos;toroidal;dimension;
29	context_bridge/grep_sweep_20260927_205916/handoff_artifacts.txt	773	bccd6ce77c8accf11525085a30401facba8b41a20dd4f582adbb6bfce1c111ea	swarm;hive;
28	context_bridge/concept_mining/distill_20260928_012029/read_20260928_012238/DIGEST_TOP5_20260928_012423.md	339	b0deb70b173b4ad197b75a29c89368311030a23aaef66d7d43e112ad829848da	synergetics;synergetic;synergy;swarm;hive;cosmos;dimension;
27	bin/0777_seven_symbols_recovery.py	128	8cf830c34798d41a013af43ec2fdec1d470effb0d9e8d0709a75dd9caeca67a1	synergy;void;instantiation;toroidal;
26	context_bridge/concept_sweeps/20260928_004258/agape.txt	3431	269ef34aaa5acb868667e23946d03452124bd0122622872e3cdae2e68954a905	synergetic;swarm;hive;cosmos;
25	context_bridge/grep_sweep_20260927_205916/router_orchestrator.txt	1116	777c654cddd5d6edee1efb392104f44eba031c0861ca20f181260f5313c21443	swarm;hive;light_cone;
25	bin/0482_req_install.py	838	555ccef14229e93394fd0084a12c587641b7f73e78a4a3d08e0f19eb3e166cd3	hive;
22	bin/0586_axiom_cli.py	331	37a668a9cec431c09cd7eeffb658560e534cb12f8d66a71a79a2874b3d68d7fb	synergy;cosmos;
22	bin/0057_agape_primitive_forge.py	1286	0070c19cfb50608838864e9dec62a4e6634740f1bc51e09e8686afe0e3f2dbb7	synergetics;synergetic;synergy;
21	context_bridge/tree_optiplex_src.txt	1460	ffb72558f70bf068bfca4c2c6a0c490b31bef53dae0f6ad867834299aa982d4b	swarm;hive;
21	bin/optimize_full_stack_v1.sh	339	151e59ae7b6aeeb38345169bd4f4b0450f603fba6139b79186caff1c03407faa	hive;
21	bin/0345__macos.py	571	9d994b90e9accd413483aaf2470055198e423b33f2b9d72c889b4359aacce4b4	void;
20	context_bridge/concept_sweeps/20260928_004258/combinato.txt	116	89f9d66284f71a5f6892ee7504c29553083a5812552ef30fff25a25a72944db5	void;swarm;collective;hive;dimension;
20	bin/0087_agape_synergetic_calculus.py	340	2708182446d0b88938f387bcc8c6606e216fb840c02ca442f388d33f5939ddd3	synergetic calculus;synergetic;synergy;emergent;
20	bin/0038_hive_swarm.py	806	803aa501638aa1733ed3cb44719e4ea58429413211c75d47bbe9501edce37b53	void;swarm;hive;dimension;
19	context_bridge/tree_a15_sdcard.txt	783	6865e58483a5856d40e2714071e635465a519154c0ae1f7a65cb6c1f00a0ac9a	swarm;hive;
18	bin/0348__windows.py	567	ac01f22980fc33bb7e6d77c6f1580e55add3a5f85585bb78ad94253b8e58b8ff	void;
18	bin/0181_util.py	1984	e908917f106c99eb892823550addd4df30bc1a78aa8a08d4c756bd24d01f63ce	void;hive;
17	bin/0570_bench.py	568	bb540f123f472ebcf2b9974d7f2d268eb3b2da3c4c8a0110f2ee50d64d762982	dimension;
17	bin/0503_pylock.py	283	4f8ab277e4d66f9e3020ee7f0ddc004804ed53b822d3c20611affea5d151ec71	hive;
16	bin/universal_index_pipeline.py	194	03bcd68e3cd6c1edfd99926a90e852abd5c9f7411d113600c15efecfdb5259c6	hive;
16	bin/harness_tune_v1.py	272	55a5c44dfd7c33d5e63df7263f6cb664ef1349a171399c4ca12f1625518057b8	hive;
16	bin/0212___init__.py	3676	bdb4c9d3faee5201b1423944aacaee16688d3d5ca1dadf6afb3c930d3d39df12	void;hive;
16	bin/0206_pylock.py	905	1bfd609dc4e60db44b6358e8e150c8f54c3e6f9204ae1fd0f55fc16d5253983f	hive;
15	context_bridge/concept_mining/20260928_011449/CONCEPT_DIGEST.md	1532	b45f72fdf5da2166d3a3a67c80db549473993c6c2352b4e1389fb524aadbe4f0	synergetic;synergy;void;instantiation;emergent;swarm;
15	context_bridge/concept_mining/20260928_011449/CONCEPT_DIGEST.clean.md	1532	b56516f7a2d6c6f77a946d8cbab039cda4003f498b8a60581c2c4c796dd1a77b	synergetic;synergy;void;instantiation;emergent;swarm;
15	bin/0476_prepare.py	751	1b1eabe7b2c6fe0baf0181aa29476effaf2b1cf3e43bb090fea736c0a9d8cacb	hive;
14	bin/0863_rnodeconf.py	4528	792137895542e0e81e117d73116f62a04b2bf4ef72d2ee8367c00a8151707562	void;hive;
14	bin/0536_bench.py	1350	444fb46b0b9d41c2780e3cc619eb6bdf8469c73058795c004dfe2d29d7859a73	dimension;
14	bin/0094_deploy_v101.py	297	17278e908f496e723dd8c41920dd7796edb8c762c41e7f77fe83d45c512f7be7	synergy;
13	context_bridge/concept_mining/distill_20260928_012029/read_20260928_012238/02_0_0_1_0_txt.md	71	ce351e739377ba7decbc9e82a657dc9d3405c56c6d6e315158f79ee9b170746e	synergy;swarm;
13	bin/0628_fractak_swarm_engine.py	458	6def360b36214072f626b502bdf8e76998e16905bf7e1f6eb1fed07c9ca40e12	emergence;emergent;swarm;
13	bin/0291_console.py	2680	b7d6b366999131553972985505949284db26071776f880167134e5868afe135b	void;dimension;
12	context_bridge/concept_sweeps/20260928_010158-corrected/0cost.txt	50	09c0d6c9f4c0bebee326491743b0a76e2e3f544e18db5275e1407b0b028bece3	void;hive;dimension;
12	bin/agape_vector_index.py	315	09bf9ed9c989aebbfa65e73273c40462d7f204104411f3879ef7985571d9bd70	dimension;
12	bin/0574_bench_delete.py	593	f76295c83bc7a56b86cd894f700d8e688ffad7b9c452e44e4d60100f1e5b4c30	dimension;
12	bin/0202_direct_url.py	325	78a99b0e23cfd6c2d5e0c8ff902499aaa927ac8c953bd4abec9a45f0a0a3a785	hive;
11	bin/restore_readme_profile_landing_v1.py	448	12d0fdb9c7ab607c08320fb9425d7cdccd7ced172e575eb4d0c5a671a065f0f3	swarm;hive;
11	bin/0255_utils.py	1083	c69369a71392a249cb09dfe760a44cfbcd10ae1c64665b907e21f9cce50c8e2f	void;hive;
11	bin/0093_deploy_openroot_kernel.py	314	bfeb15c499882b3684f216d792c537212623801f500f3e5ff04ee85d2a920600	synergy;dimension;
10	bin/0074_hive_entry.py	385	1ce4e39207461e6be95237a393e4839dd618661b3f94c49f99fa7df52eb12262	hive;
9	bin/zd_census.py	44	019f196bdbd7693705576e2ae29ffa2839c503f421af956194310dc3030b0356	zero dimensional;void;instantiation;emergence;dimension;
9	bin/0769_derive_constants.py	44	f12c6d5f7cc8d80f4eb4b22dd22204ef7357653772250c40b006fa060dadfe4f	instantiation;dimension;
9	bin/0557_test-loadable.py	2292	7e4f8d2c72ed328ae1468b93f17db6f4cc818ab117b6f4e7a474617f8d6343e1	dimension;
9	bin/0507_unpacking.py	381	a86f5d269e289e4eac5c8f1a7533743cc4d28fe9238c60ad3599f35ac20c5548	void;hive;
9	bin/0069_agape_net_full_integration.py	426	ac42da68fa8d315d42ca570720c64c83948b0357dfd20f5878018f21c67be154	synergy;void;dimension;
9	bin/0035_compressor_node.py	380	5171887db6ebb8da5909fff2261ad03ea61a1210fad6c3785ed296baac94a539	void;hive;
8	context_bridge/hive_canonical_20260928_041449/specs/0b9fe2ccb64a_nanobot_team_blueprint.md	68	0b9fe2ccb64ad9cdbfe40ac360715b7a36028d2dca78f5a583f18f582b085aa3	swarm;
8	context_bridge/concept_sweeps/20260928_010158-corrected/etymolog.txt	112	204c2ff07d95aafac20c50cf9d22cdce5735266fe79a5e755a56de21ada9465b	cosmos;
8	context_bridge/concept_mining/distill_20260928_012029/read_20260928_012238/01_20260822073629_perplexity1.md	79	b5a00347992d76852b5cbff545c2a23b2643cc498e88dea03e13b78466655418	hive;cosmos;
8	bin/0945_convert-silero-vad-to-ggml.py	196	7e4cf0ee6988f835bb0255a5b0e9509b4b4e04cbc8c13e8da69b034bc28d1aa2	dimension;
7	context_bridge/concept_sweeps/20260928_004258/_INDEX.md	26	a92ee337cb9e2a63041fb29f114dda9625a21d7bf9086be2e52ac4edd68c1de1	synergetics;synergetic;synergy;emergent;swarm;hive;
7	bin/0821_Transport.py	3706	24483b3e63769d02770f6df8f4888e510519df3ad4208e9dae0053841b89bdea	void;
7	bin/0564_test-afbd.py	231	5571119fb3e570c5bca09cf91b2ee44f6e20108b6cdbaf91c35cd47df9256a63	hive;dimension;
7	bin/0478_constructors.py	677	11781b314700b4168d8fa7189acd19c1e23134e4a838f7101bc12a5e5f476213	hive;
7	bin/0442_collector.py	488	47b19cc7fe0612848423e89acdf0195443c6dcba7a99b653e256c00fa36301cd	void;hive;
7	bin/0330_table.py	1006	6664fb57b30c08e60ac3b4c663d4992f26037fa25d33e5957f4ec5755b958532	dimension;
7	bin/0124_analyze_map.py	165	d971e00d4158789b518bada6114f49cb877e8d06bdbe601227aa5bfcde8118f6	hive;
7	bin/0068_agape_net_setup.py	422	3716cadbe304d415aa8c830e2ada43ce03c29a94b84bc9c6c37af0a2c8456b51	synergy;dimension;
7	bin/0067_fast_backup_daemon.py	155	67b05a3c3c94dad5b22ac969624a9885df700e752dad075f2a6f1e34f564afe4	hive;
7	bin/0039_apape_net_setup.py	423	6fbcd043a3951016242f9faf20273d853a37cbfcac1922cd0e1fc22296abc867	synergy;dimension;
6	context_bridge/optimization_analysis/large_archives_gt50mb.txt	41	0965edbecde0f2aab945e9769375a5be9d1fe7844b0ccbd37ef92ea5b076eaab	hive;
6	context_bridge/concept_sweeps/20260928_010158-corrected/caritas.txt	59	9ba729a8a19267c2bce963e6faea546ec1ca568f68ca7031228b3cd755454617	swarm;cosmos;
6	bin/universal_unpack.py	86	6c512981617dbe4a9c0be74780c3e296f351d810f19ca904ac22efd59c914b22	hive;
6	bin/knowledge_probe_v1.py	216	890e4d762dd153659694c2b29037aa8183cb76a642cdf996de1343096c284d4e	synergetics;synergetic;
6	bin/concept_sweep_v1.sh	77	1f7da144f21bf9a69025a0d7ea968e51031605090aac9b71bb7b5cf2c8246920	synergetics;synergetic;swarm;hive;
6	bin/0773_proof_builder.py	73	9d048c003806c6529468385fbd67222c66131c816dd73fa5ca1220bb95c90db1	void;emergence;
6	bin/0329_syntax.py	985	78328847097ef9e6742f0a3675ad9146d7eeb5719abeb24eeb50a5e4e912e7d5	dimension;
6	bin/0096_deploy_v103_evap.py	419	5d4c8fc4c5c16de107cefbe5ba2031d48bfac94c0da6373505fdcb8634744606	synergy;
6	bin/0045_swarm_bench.py	105	5f243b0c65c9797d847adf2c37dee9a6f21a8ac8fb1035669775b3e6fb5c9385	swarm;
5	context_bridge/tree_optiplex_home.txt	268	110c7ab9e1acd25c0565729b3481d4bd79d7bb34a7790e3a20a56e61555e98eb	hive;
5	context_bridge/optimization_analysis/tree_a15_20260928_161224.txt	268	110c7ab9e1acd25c0565729b3481d4bd79d7bb34a7790e3a20a56e61555e98eb	hive;
5	context_bridge/concept_mining/distill_20260928_012029/read_20260928_012238/12_auto_20260826_154816_log.md	17	1bcad11760854cdda86bfa71706cbfbe8d5addbc372a61f6c8ec8965e96f9a0b	swarm;
5	context_bridge/concept_mining/distill_20260928_012029/read_20260928_012238/10_githubdebug2_0_txt.md	29	2a081814aff537a998962d9c3d57f3b8a8d885fe08c8671e265239c351f64ae5	synergy;swarm;
5	bin/write_context_bridge.sh	78	4210dd16b0b2495c258174a9fbbf082ec4445f1b0d0d5e16991ab7f5a9e6da47	synergy;hive;
5	bin/rebuild_core_workflow.sh	407	9d318ef1d30fdf8a90b13c806ce7c24694273eb23f26871b17f420eb4361e7ad	light_cone;
5	bin/model_symposium.py	147	1790d1c5a4d674571a1ffd1483a107c754438210c4dd5ff72f44a17da1de03a9	synergy;
5	bin/hive_nursery.py	102	d611d1f2a801bfcc07576a39643440cf548021daebdff71b6bc2c5b28e66c206	hive;
5	bin/cosmo_rack.py	79	daa0f781b9abfbb52fe7cc20f5a546993fa2ddced411cd12425681c272160df9	void;instantiation;causality;
5	bin/1024_main.py	1838	35b842cfe92ef300e060b40c062ef93afee1cb075cf0b7b0037a1434867c2554	void;instantiation;
5	bin/0944_convert-pt-to-ggml.py	342	e874333f95c52725c23541b39e71594e01442a2a687c96e2e882493c45b887a2	void;dimension;
5	bin/0943_convert-parakeet-to-ggml.py	337	0862d1d1065cd3347d7c6615ffb7b4dfdd1ffc5b0943477cbb8f8c5f4b7bc2ab	hive;dimension;
5	bin/0776_sacred_merkle_system.py	179	38cb53a56a88adc3e42b9efd760e7dabd62166eba073a64cea620e9aa0ef772b	void;instantiation;
5	bin/0548_test-diskann.py	1331	d6672c804186e45b4f92c51884064815d5d7e56f58a0ac5197e6dd71d54aea99	dimension;
5	bin/0493_direct_url_helpers.py	92	58208f2679a83c7cfb92261e3eb11c5407a7da50e9093f56415226a071d608ef	hive;
5	bin/0429_install.py	904	c30b47610dd4a03c5770ccac8d34676d63bc65e83f0befcd93d4a031f0c7020a	void;hive;
5	bin/0252_sessions.py	834	81b9a5b0d4a2f7ab088a0d26aed1f3640653fdf388593a1ef989d6eefe69b4a2	void;
5	bin/0179_resources.py	358	2f06cf92c73403524c6e2e979ee3dd301527f375fb04fb85356a8f184288ebdf	void;hive;
5	bin/0113_selftest.py	60	cedd4871e20b1ad8ff8458450883bcbce3ca4e29d169bb4763f2fd251170f44b	synergy;
5	bin/0006_agape_slim.py	78	97be438750b12233ab85bc02e01035151e3b0a3520f0a2ba1d938dc0cbe2da47	hive;
4	context_bridge/uplift_debris_v2_20260925_215408.md	110	d72a30ad53982a6496490074c7a3eeb5098b5f2677504cd8fd97cb1256452529	hive;
4	context_bridge/uplift_debris_20260925_214844.md	110	26d854ebe48e4ae8f42ee9766056c49160b02802449cc6921b3e53c32419853c	hive;
4	context_bridge/terminal-history-window-20260921_035509.md	90	1fa9b8829858ec802447533657fa4abb871f7fc5fdd34c9775bba959e2d8631a	hive;
4	context_bridge/pathway_audit_20260925_220121.md	630	fdc336c61054db771d050dc0d2dbbae89e875cbdd3c4639f6bf8c3c02c2222e7	hive;
4	context_bridge/pathway_audit_20260925_215747.md	110	1f2f7622b74cf7181600ad2e3282df39634873cbfdad861b83645f2a5ea39ee2	hive;
4	context_bridge/concept_sweeps/20260928_004258/46646.txt	5	ed6d02d0cd2915dd58be41fcbf4e171970be7330897843721a5ac6f65d3c6590	synergetics;synergetic;swarm;hive;
4	context_bridge/concept_mining/distill_20260928_012029/read_20260928_012238/06_auto_20260830_162350_log.md	59	7f6149634df83ce3f50934467a29209e783624cbd5668594b4d2e7f39f05ed0a	swarm;
4	context_bridge/concept_mining/distill_20260928_012029/read_20260928_012238/04_knowledge_db.md	65	066f0178eca5a0c0119db4f6218106c6d87077cd4a5f577b850e5a74dc669651	synergetics;synergetic;cosmos;
4	bin/window_extract_v1.py	124	23ef00298fd07166f160b9db6f8854f3fea93344be4e87369d907817c20aaf55	hive;
4	bin/week_sweep_team_review_v1.py	154	30be75ca166c1a85098fa8452dd3e3d1e1a291968e4b93386b25d62810530275	hive;
4	bin/multi_router.py	276	b5e3f761b56a5deb960296938fc51ee036630c3a44ccc0be61fbc5d3b9bc98ee	hive;
4	bin/gh_hygiene_apply_v1.py	105	ea3d3fc4098458a409a0019ab5297f7f32edab00965a6b9a059e48bd3839413f	hive;
4	bin/fuse_router_lb_seal_v1.sh	138	5407fb78d1298d897c667e8b499add3694a789f505a90a9ba88160c7097a9665	hive;
4	bin/agape_cascade_v27.py	310	00981408b1f19b3177a2d343c77c2f189a5ba4b6f3086ae0368d69c966f58b39	void;
4	bin/1281___init__.py	2492	6167ff8b6663b89a842d17cd97a9d7d2766ea22d3d197a8c64f255b0c24c0904	void;
4	bin/1246__asyncio.py	3077	faafb9814620febe52b0df8e61b42717f96fb56d2fe75f9d165b14f3f81db960	void;
4	bin/1220_typing.py	627	a2fc2d2e911909b9e08596877d2349ba9cdeb731cd90b5e39ffeba9204e7215e	void;
4	bin/1173__model_construction.py	868	2682a663826b0c1bb79c6fed088ac982d249135baaeafdbd4ef4f3e449471398	void;
4	bin/1166__generate_schema.py	2934	3e3a2051ac085e67fc2ee2cd7bdb1e26987b58b5b8309efe181b17c02b100bd4	void;
4	bin/1020_functional_validators.py	889	ee9fb88ef3ffffd8d9caf71d5e289d7b9a406bf26533b7c9d41824a9b8f14963	instantiation;
4	bin/1018_fields.py	1892	6bc66125f23c143e934030fbf9c58c9b5657950bdad3031d4f6132e55bd57be3	void;
4	bin/0995_core_schema.py	4461	d4f337d727ff906a66fc7ec62e734546420f01018f2fdce1eab7f64b1a215718	void;
4	bin/0961___init__.py	2426	f0818a8edcf2bb18bfdf46daee06961c7149045225b01cac0ca13deda194d3d8	void;
4	bin/0623_openroot-classifier.py	516	150bfec1c3d364a0b09c52aac399489efaf57a6af4021cd1464c57f8feef87ea	hive;
4	bin/0588_canon.py	425	07876cc31ad2991951ffaf4ab710e15b301fe182b23e4b245530295ed526a3e9	synergy;
4	bin/0575_test_smoke.py	124	892b1f34a1a34120d4680cf41442eea85f846ef9d0fcf905349c8aa2e9f4651b	dimension;
4	bin/0519_candidates.py	599	e2fdc0d90ee04b56b5b5b31ba61a3d1e58855b87d198716ece3f1f6bb4e167a7	void point;void;hive;
4	bin/0497_filetypes.py	24	b0431adfca9aaa3bf1d5989ddce0805236b7d4138153e512b9230f06f537ca3a	hive;
4	bin/0407_cmdoptions.py	1298	4077d468f99934cba66493d2e4999abe1f2335b23b4f7562f01615124a851f16	void;hive;
4	bin/0313_panel.py	317	f6c425d3484f22a1f91b68002d0a3835ea45c293f493dc13facfe03a6b39a487	dimension;
4	bin/0304_layout.py	442	6a3912140b4456ff44153705b3ec38b997dfb7b9c45e13732fb655760ad3e6b2	dimension;
4	bin/0293_containers.py	167	73fe7a4f171e74662a0dea4704c4ee65d5088a38ad010827a31f9075ed19d6aa	dimension;
4	bin/0066_storage_daemon.py	176	36ddfe7c5bb34941cebf24d8522d9d1321c233ddfc2d852d054960e951ea41ed	hive;
4	bin/0065_agapenet_unified_setup.py	355	307eb605bb8dde8de6f94b4e8f9b576a3a1e2c23a4f53fd7290608182efa5504	hive;dimension;
4	bin/0048_snapshot_bootstrap.py	537	e7f32e365721f5c4c1c8337f87cf59e5ca86f4836bedaeb75a3915eeea245040	emergent;
3	context_bridge/session-handoff-20260928-0456/HANDOFF.md	25	64559454338afc578b738b16a19a7197c3a196219fc35c09f031e1689a4bf699	swarm;hive;
3	context_bridge/optimization_analysis/archive_strategy.md	13	4a04a23040aa8f1d7af0c240b143b5f2ee35fbd32ea268cc72ad00a107f4523e	hive;
3	context_bridge/hive-live-convergence-20260920_230844.md	31	f38cf7cc338647b0d3e7f6cf2eb6f9577f443c96f035c4569047c4abbc8dfdde	hive;
3	context_bridge/concept_mining/distill_20260928_012029/read_20260928_012238/11_auto_20260826_142620_log.md	19	c66dc1d5401bcc2ed59cc1977c383f98ab7771d2e32f0dbacbe35781fb654f06	swarm;
3	context_bridge/concept_mining/distill_20260928_012029/read_20260928_012238/03_aShellYou_20260820194201_txt.md	65	439c9b136477783950bacd483227e2bad01a537951ce4e12ec6c7ae06a1b47d9	dimension;
3	bin/research_ready_v1.sh	195	500b9dd221485462ac3a89520ccf6e882daa2ff28c56dc01a3605534529da861	synergetics;synergetic;void;
3	bin/openroot_knowledge_intake_v1.py	554	ce6f6d84ce421ba65ce2bd507ea6e9ad1649688cf31dce142d8ec62ab5039dec	void;hive;causality;
3	bin/lumo_diag_v1.sh	40	9a0365ad3153f10f1586aa7a9e12650fd5e837a6496e4fccdfa3a8554c48a619	hive;
3	bin/frp6_fleet_squash.sh	120	2b93f4f4a9120aa0eb004c79e2d4ed307e8e86a8193d90549a05be39485fc54a	hive;light_cone;
3	bin/finalize_workflow.sh	105	1dd97e00a66fe534ae0d50eb621db22a03c0348956a3771dd56c27ce3be3033f	light_cone;
3	bin/build_openroot_knowledge_intake_v1.sh	586	68ba2391f8730c0124ea17146ee7a67a367600312a337a956d7372eb7c005131	void;hive;causality;
3	bin/agape_ledger_chain.py	405	c0bf7ab10c8867506e92876a5a246cb14b92f0866e90c7ee5f60fec5f7c8cf38	synergetic calculus;synergetic;
3	bin/agape_cascade_v28.py	314	6a93e3e05f78607ffaef83f93ab7e3f031ef227f54c6b4522bcc38409550cf7c	void;
3	bin/agape_cascade_v22.py	170	00423e6344eafdfeeaf75a9d9aeddc158f5a5f0a2b04f19c763f42ddd6b860b5	synergetic;
3	bin/1331___init__.py	2043	81ceb6d55be08f635ac6eb01ff31b07eac0ffe7a77a9a090a899723eba750f49	void;
3	bin/1211_generics.py	400	633c8a4d937ac79435446277590f6337ebb01c9c4bdd6e2aa19ab07195eac568	void;instantiation;
3	bin/1023_json_schema.py	2911	75ade143dbd03cb1213ecac39d49628df4357ee0825621959d4cceac064b803b	void;
3	bin/1011_config.py	1296	02088926c65cfbd9c50e2eb67c77d29267b1a943342507a5252633cbbeda7e4d	void;
3	bin/0963_typing_extensions.py	4422	4040ca1a1ecbee00d1385c12a93084d1c5bd46f0b774f07e5ae7e91c4f55e696	void;instantiation;
3	bin/0962___init__.py	1826	cee5cfb7bbccaf8ee1676ae772c0881a65684be25114e84de08341851ce2a1a6	void;
3	bin/0949_ggml_to_pt.py	109	b8602d1c3fc3237a74c2cf33484c592de64cf83b37740bb10647639a4df07641	dimension;
3	bin/0946_convert-whisper-to-coreml.py	333	35d1d54f84f43e9ee7cf80ac5fe04cf9c4913f2ce75d2436faccb1e843b4f279	void;dimension;
3	bin/0942_convert-h5-to-ggml.py	218	9cc282dfcd9a24da03ffa1b4123b5508ee935e19e369c33520b1a73f89440094	void;
3	bin/0908_netinfo.py	324	a744ae50514a28411135f9644f31813baca1135d6bd11fdfa5f025c813d26d99	void;
3	bin/0874_validate.py	537	6f62df0925e0c77bbb3cb987978ece57ab246a4d53d645616f5bf4a1253b4a2d	void;
3	bin/0871_configobj.py	2473	f111d495ebd31ab80e21b4e0da82a0121dab342b01a23166c33546490765ba4a	void;
3	bin/0789_selftest.py	37	d44b140b5b701725a84fb7c78886d09c8b628625ef74d1ce104ea27d3d8633c9	synergy;
3	bin/0786_test_tidbit_library.py	114	2693929620c6bda63299991ce256624922879aaf44ecdb1144d62a6a3255c3db	hive;
3	bin/0609_esptool.py	5651	a0126f89209caf72098491e3dc714b7080c638b9fd18e78114b73592dcee60f2	void;dimension;
3	bin/0595_nomen_core.py	630	f81055587c517bde5f9820ca630e3f2debbb7005cad52df7d460ff18182d1582	synergy;void;
3	bin/0587_merge_kb.py	108	00990edd5e60922d8894eb85dd575a4cd06780561aa4b99c32712d1e3d2761a3	synergy;
3	bin/0550_test-insert-delete.py	653	85cbec1739f67ed2f7525a9873c67c9518d72cf95d00b248b86f510d54bcb566	dimension;
3	bin/0537_faiss_kmeans.py	101	29f1e297f86c1035d7c7336a1428266bf6a63bb101b746d26910cb3471a8e84a	dimension;
3	bin/0527_wheel.py	759	b953db283fd1a9029d54e3f59744cffca96236e4161a6b4f2c7ea768f00ef537	void;hive;
3	bin/0459_link.py	617	ced8b9502c75853d377ad62a9ba302a8577bd78725993817f2b4d94fd08a6434	void;hive;
3	bin/0444_sources.py	287	9d72643a384bcbe3b616caca53d448a823aa818d8fb28296c9bb598e3460a94d	hive;
3	bin/0425_hash.py	58	18ef6944ddf05c2da441aa2f2b9ed368b60131cdc896d387f763ba404c3a604d	hive;
3	bin/0394___init__.py	362	c1b20c137e461fb6c8d41f6b34f245a964fe8a3fd102964360f52567271a2f30	instantiation;
3	bin/0392___init__.py	157	293c019a75e56a8a498500ce7a6547607b24883821baafb4f18b4feb13cd24f8	instantiation;
3	bin/0355_connectionpool.py	1178	64486e76c6bc048b9b0f63345e8c4106c8f16ec5f0320512707ee843d8be8f56	void;
3	bin/0310_padding.py	141	295108ded3b0a3db202b560d4ae1fffccd7f8d45a62d9c11555fca98eb55cf23	dimension;
3	bin/0290_columns.py	187	1d45f429c326f5db0a362d757d36e233f876883b65f3248269573195a944ceaf	dimension;
3	bin/0250_models.py	1041	b6fab91eb8b866e5b6a324181dfa19e6873af3c93c0f3b241366aee6c6560941	void;
3	bin/0071_une_fix.py	130	0ad0e4d40e08f8a2e6032f049dd08412111058bd0f06ca6b1c3e52c0b82128c1	swarm;
3	bin/0054_agape_ledger_chain.py	404	e169e8f6f177d8627ee44d141402aa121e47ffed34611bde5880874a32299271	synergetic calculus;synergetic;
3	bin/0033_repair_une_syntax.py	308	6e518f904159575e4787a29a68ef6bbc8d13ab3b952623978687b4ea792e1eb4	hive;
2	context_bridge/report-zombie-ref-kill-20260920_023720.md	66	9d3d51fc6c4b437ef3f6c0d80054a263cd3932f38d41ab1a64aef72f649fc4f3	hive;
2	context_bridge/report-zombie-ref-kill-20260920_022749.md	66	0711916288f06a4758acd359af5b5d1fec6cd58c797555a4b2d79ae0c0c6b478	hive;
2	context_bridge/report-master-purge-20260920_022242.md	75	603c96dd2cb9ff5cdb11065a5c5ed6803c1eba5d9811ad72b0a8e7b2182f9302	hive;
2	context_bridge/report-git-push-delete-20260920_023056.md	80	5d628304273da05e59cdec66b154e6b9101e477aca5f8ad35cc3f7414608c777	hive;
2	context_bridge/lumo-handoff-2026-09-13-evening.md	67	65f4de4df0992df672769356da6912681bb1b4a9d62c5bb1b30604ee471e242d	hive;
2	context_bridge/hive_canonical_20260928_041449/specs/b1e3a7b23c04_nanobot-swarm-template.md	34	b1e3a7b23c0452bf613dd5fa649b9deb0d818458d48359e449ad2d4d5bdce485	swarm;hive;
2	context_bridge/hive_canonical_20260928_041449/specs/8ad0459899de_nanobot-swarm-openroot.md	78	8ad0459899de862a3c0f1443325ca4498d977fc1774b401f7441abd4683df755	swarm;collective;
2	context_bridge/hive_canonical_20260928_041449/by_hash/07477cf6f06c_bottom_tier.py	134	07477cf6f06cc637e18952525a1456f9c35943e7b44a4305efb84903183118e6	swarm;
2	context_bridge/governor_promote_20260928_041935.md	32	791ac8d8ce9df33ffab03aa51711e533f1c8daa423a096cfdba4fae32b069370	swarm;
2	context_bridge/concept_sweeps/20260928_010158-corrected/ahavah.txt	12	e2a810aa0ee349200394c0a1ac99109e05be0cae6e8ab0b8d3697975ec0d9a3f	cosmos;
2	context_bridge/concept_mining/distill_20260928_012029/read_20260928_012238/08_auto_20260831_192347_log.md	35	39002699b8d3e54ea9429609435a1adb152feaf4e214bbd19b03f5d3f5f46adb	swarm;
2	bin/uplift_pathway_audit_v3.sh	109	04d7f9e2162a32cdf5161ee9949cf5b8122b148432c5c68b9db65f2d298a7e8c	hive;
2	bin/uplift_debris_classifier_v2.sh	86	4dcad4cc874f47f3488f454e48064483b0eb28925e4aef4a7c5da4202d1d71d8	hive;
2	bin/uplift_debris_classifier_v1.sh	86	5879abb5ef2e1734381af5a2b57fdfcfa559f86952edd1f13dd43bb4c680480f	hive;
2	bin/unified_workflow_v1.py	255	0cd21481a8ac775646d06880cdcd33610bd1442fcadef0122d8e3415272961fc	synergetics;synergetic;
2	bin/rollout_openroot.sh	56	008a6d7b45c86829fc1ebdede81739b80dff552983d46bcf02e475f156253f1a	hive;
2	bin/pathway_rescue_v5.sh	90	aecd12038614798f75f3255cf2b84dcacc605d4df1241565278afd2300f16c93	hive;
2	bin/pathway_closeout_v6.sh	73	72e9a8ee27a478063e37f23111e688cb075b92eba70f43aa25736495c110f6c4	hive;
2	bin/openroot_unified_launch_v1.sh	291	348e938ee5239ef0565567c8857b4b8d436ea09cc164058ffbf11570a299a829	hive;light_cone;
2	bin/openroot_board_v1.sh	90	3f38b16e86205b0ef53d9fcccfad10e4b414fea04dd2772e654f421e232370da	hive;
2	bin/lumo_bridge_bot_v1.py	244	470d79d23a01420d919f0e6d93fcf2603b9a79372d4534386dd939e77358e754	hive;
2	bin/logbridge_v1.sh	109	9b3e489a1ab8dfae2a4a674b827a3454e9e2a5ec9c7113dc0c71028151f20a40	hive;
2	bin/license_fleet_continue_v1.py	74	545b2b547df53155774511c310a961f1d75d413615ceedb226b9f6b4cd571112	hive;
2	bin/gh_fleet_housekeeping_v1.sh	72	0cb33c48ca8635282f5f0cf32d88c4674085338d6532bb3c9da60c88572df9c2	hive;
2	bin/gh_audit_v3.sh	76	2a9c86d1a633d8f0bd0c47405ab32b59d58b1c244a6c9b3520f932a9712c3dfe	hive;
2	bin/gh_audit_v3_patched.sh	59	3f573cc8c6adfb54c949830ff1e2e4f9cbbc28257165e25930506831b940da2d	hive;
2	bin/gh_audit_v2.sh	63	0eb1bfe371d07d78e772dacb904928feee627572313ddf3a9d832ca133bd2449	hive;
2	bin/fleet_squash_hygiene_v2.sh	116	953ee186c58513e75639483b49086b323387fbe6e4edb01d14d01764974a62e9	hive;
2	bin/fleet_squash_hygiene_v1.sh	121	f23ecd02f4a73a831180b98a4aa4bfe2a953469ac4e113a189d889392ab3ac91	hive;
2	bin/fleet_final_hygiene_v4.sh	127	1789f749bc3ed322fa868927c90f17a65864f88def43655fb1ba5e2804a7cdcd	hive;
2	bin/final_cleanup.sh	86	5619baf925f36d0e850a268c11e357cd484a0b9cc0cdb99d7ad6a5a8591e8289	cosmos;
2	bin/embed_index_v1.py	149	8e5e17086953e2961f85e056e2b525f889279602c2bd6b3adaaef954072bb4f9	synergetics;synergetic;
2	bin/asset_preclassify_v2.py	127	b25f57c27280f656a5403d46aef7c13aaa393b7d6cda751f326f496d0b639e6d	hive;
2	bin/a1_core_v1.py	244	dc8b4145d6345affdb5205e73b082656c1ac32d04aacf447185edab76693467c	hive;
2	bin/1349_bottom_tier.py	134	07477cf6f06cc637e18952525a1456f9c35943e7b44a4305efb84903183118e6	swarm;
2	bin/1213_main.py	1130	bd10754dba64ccf3773f98a326573e72336e3be1dc88d3a90b86fc2b7cd99df7	void;
2	bin/1210_fields.py	1253	56a5890ab894362132a6d5eba03549e74d49a550347a7d9500d724b2a5cbd9bf	void;
2	bin/1199__hypothesis_plugin.py	391	e444b9c56bb0d45400b3298b7b3cbc4209d5cf466955f5378e4993ef81f6ed54	void;
2	bin/1180__typing_extra.py	785	743c6a178ea5ceea82a0a2eb007fe4f791036dac8478a6f69478ee4c9e4e0686	void;
2	bin/1164__fields.py	729	85779bfb3a1d1b04c3bc6f4e2b5ba6d7c3fae1bedca876f418e9e03f88eb81c6	void;
2	bin/1086_embeddings.py	212	a9d23b13a4722a075f73217735beebc1ac5c513cd16907e5a654429379d05c68	dimension;
2	bin/1031_type_adapter.py	801	4f4e60f1641ccc1b1553fdf945d2b1823222ed8ecb222a7aee9177348ed7e061	void;instantiation;
2	bin/1025_mypy.py	1412	b189a666b2ff1afa1848b701b8f4510df49f81059e864cf0fd9bcd9300d8d8c1	void;
2	bin/0990___init__.py	432	4729cbb112941062342a2997c9d943d5f6447c4cd6c03a345289f7cce2a11b54	void;dimension;
2	bin/0973__receivebuffer.py	153	c6bb29b1db0d81617145f41c4d7c51f11add8d15d74cad08a39710616a49d56b	void;
2	bin/0899_process.py	769	f30dd353d3fa400bc2db06ab48ef545a610eee6cf055c0726bf63b609dd298b3	void;
2	bin/0775_sacred_language_theorem.py	105	51cb379a1942918918342af3caab67608785910d57dbb059e3de67fe2f2a89f4	void;
2	bin/0755_emergency_rescue.py	53	92a39299b27e3e99605c67c31b5cb794a340ae70da9bc112a23a43d66657978b	hive;
2	bin/0676_phi_spiral_v9.py	198	297592fc3835ee0350eaf860df6384af88f3a0419c3931b7b621cfae35ed4aec	dimension;
2	bin/0625_test_classifier.py	171	16d6d263d6e86f1721d2bb39629bee126e4f2562a7790e7af33e49c1c1a0426d	hive;
2	bin/0561_test-rescore-mutations.py	571	ff37c635e8a05eae75247ee6b28ea4653c1de40d0feb5d728fad5ebf8e08c15e	dimension;
2	bin/0552_test-ivf-quantization.py	272	605d75207ebd1c45fc5f0e0d5936cbe7bcfb112294f8b959b5038cb77abf823e	dimension;
2	bin/0455_direct_url.py	42	f514b74d0017927c0b77c24e3995a56c157a59916cf6a9fe600624d1543c47f4	hive;
2	bin/0443_package_finder.py	1113	7d7f654657e2524a02f7aac889883833f6c3595354a5a5f64f35f1fc53fe6a82	hive;
2	bin/0435_wheel.py	171	2fdbc4cc9fc4e36b1c17f1e08795f81e4dfd9ea2432b11a0e2eee094361b3567	hive;
2	bin/0431_lock.py	175	d78e6286350affeee03fc3bae573c38bfc4c8658798677b5a6d90775f9db0274	hive;
2	bin/0423_download.py	146	2d4355a1bbaf09d6a08cb06e3c16b11de0621c48887b4ddf4ceda6e9a842f2ac	hive;
2	bin/0417___init__.py	139	68d7826d0bab1968a17e142aec1a9a2d71ea5834348b7234e0e4bb9312baa654	void;hive;
2	bin/0390__in_process.py	389	a9c5cc866c7ffcc209ab5d201875b7980e1397c772f18cc731c7309cda0a970d	void;
2	bin/0383_response.py	277	ee854f10d6191eecc4191b46e341e89e91f9b402181ec19c1cf6c9b7667453e6	void;
2	bin/0371_retry.py	549	58e7081d56b129ff9d55bf3d9546e9bdca5e33bacd605fefb0ab0238ac35d19f	void;
2	bin/0359_poolmanager.py	651	da9903ba3b7ee824d27ab4b05df9314ef70cf7713696c3471dbe09fc07ba34d3	void;
2	bin/0351__collections.py	487	52f57b52ab464d229dbf0f0dfcbc56b848a464b9b9801d7315f4d9607f4a8409	void;
2	bin/0349___init__.py	211	24ca35b60d67215d40789daf10d0bf4f17e5d1ee61e86ce5f43195935ad645ba	void;
2	bin/0243_auth.py	314	2875df9db347d857b8add1892b7ada2f83b79f1917c9494b8b324904482e8527	void;
2	bin/0208_specifiers.py	1943	dd705c4ac966f984041043bfcebbf817a751e70471b3812b26f274be33417c63	void;
2	bin/0169_controller.py	511	c416ae0bebd44aee46b09b310f8f96f8968aaaa6c1cf430de99bfc3c0d8df212	void;
2	bin/0159_exceptions.py	971	3d7cc67c1994177aca4108c200c709d5fb33070ea768bd674caf025e1222ef3a	hive;
2	bin/0114_synergy.py	7	ebce54413d07eda228f98d98395989d1bb0997339ac8e1472f423aa685cb9044	synergy;
2	bin/0111_next_joule.py	26	5c004af613997546bc64c134d93e1f758c07067d40a17788468207c2fefbe7fa	synergy;
2	bin/0106_init.py	233	0054de81c9c9c34bb2cdf79777badac915bfa2567ea0bca1a8fe87978ec2a51e	hive;
2	bin/0036_core_engine.py	190	37921a8779cd1c963572fbd17ab75782ca999ea96bd274e25b67d53c021d4327	hive;
2	bin/0029_agape_evolution_v2.py	330	a36fce85f9dc35024a5221c88163eff4b7b0a4a3d6741aaa58cf59285dc03a9d	synergy;dimension;
2	bin/0023_constitutive_voice_engine.py	124	9b67c65247fa651e21d299d08ee2cc475b7ef95b3e4f7fade696cb7cbf964ea8	synergy;
2	bin/0022_agape_init.py	373	9a63d9c013a3d06a34dc20c8670c28de867d6e49fc94d9a804afc119cd4c339f	void;dimension;
1	context_bridge/team_review_20260924_172221.md	86	d24509f621d817f55a800ad0bd351e5b41b2190736ab6929c8a3f30fa1a6a7d7	hive;
1	context_bridge/superlumous_20260924_081511.md	62	27c77fe8c221ad918136db617bde37e124bbb2dd6bc6b6280e9ffc0449009c89	hive;
1	context_bridge/session-v1.0.0-launch-20260921_162046.md	14	6777e86e04796cc396996c007ba2f8072f03d983f4605be618632a0167a56c67	hive;
1	context_bridge/session-v1.0.0-launch-20260921_161947.md	14	f686e9b696f3b700ad207c797a51170434908a6fb2e36c2184b7187df9612473	hive;
1	context_bridge/session-cicd-closeout-20260921_160334.md	31	1a9f06ca626daf193358956ff4becfb3b9d4640084dbcf4bcb259a7e4e2dcbf8	hive;
1	context_bridge/session-2026-09-24-handoff.md	59	971c6a5bd22ec524ef945a2f9256d973ba99ca7af6a37302533c0072bcc825bf	hive;
1	context_bridge/root-audit-20260924_023604.md	122	ad852627e9caef3719b64cf2a8079044475c0b54c27e70226600cff689ebb915	hive;
1	context_bridge/report-next-actions-v2-20260920_015411.md	51	a53f71b456f02f2df0e636ebc6c9c1ae32729869349b576b53d6212f7064d26d	hive;
1	context_bridge/report-next-actions-v2-20260920_015234.md	51	b3ee2b15c48648e9860a9198e143044f72217096bf6239da71c76c74a8a0097a	hive;
1	context_bridge/report-next-actions-20260920_014329.md	80	6de13a77c8d2752f4fdee5ea0468682ee6fe2f56af0c6d9f116f082d757939b4	hive;
1	context_bridge/report-master-truth-20260920_024736.md	46	eecbbb2d43902a68db6a9aa8b4f2af6b5f611529f993532e33507dde6cb11cbb	hive;
1	context_bridge/report-master-truth-20260920_024653.md	46	30260c9b44e27449bec8c3bb3035e03c1ba1dd335ee21f6748ae1262fbba52c0	hive;
1	context_bridge/report-master-truth-20260920_024434.md	46	8fd28ae44d3bff4cdd976322bbe94b003772a77e823a22cdfc5b7a18c62265b8	hive;
1	context_bridge/report-master-purge-20260920_022117.md	40	4b52268996566cf71723a3056a5cb1bebe24e5b02b5883bd713e74f0f46c28f0	hive;
1	context_bridge/report-master-harvest-20260920_020335.md	57	f2837466a5392f47c4bc23fd76fdab60ffda3c979d7cbbca1469de60035b3c20	hive;
1	context_bridge/report-fleet-closeout-20260920_021529.md	50	32531388a56276b31f87602c56973071d8d71353a186742f125df497ea7931a7	hive;
1	context_bridge/report-fleet-closeout-20260920_021445.md	49	37a99c3824361581723434cb54f3a1818b2185f6f695f12f75a4a5c1b5015371	hive;
1	context_bridge/readme_backup_20260921_154522/README.md	177	6a579a07d2afbdd74f701a05b4e2e859088c30df76bac2f80963ac8a14429598	swarm;
1	context_bridge/readme_backup_20260921_154022/README.md	177	6a579a07d2afbdd74f701a05b4e2e859088c30df76bac2f80963ac8a14429598	swarm;
1	context_bridge/mistake_solutions/154587b29fd69615.md	13	b9ea62f08a10432bac65e3cd50d8555a6ba23176b4d3108093c9648717be9883	void;
1	context_bridge/memory_enable_guide.md	45	18cb4eaef054e67ad8030fc2c19845e2d2807ad34a57f25e64715bdfe39b5f0e	void;
1	context_bridge/handoffs/session-20260928_004510-superlinear-instruments.md	31	efeb5fd6442d1ade6e5ba11a5b22f3d69b77baaf44095d16be8212d671267921	swarm;
1	context_bridge/handoffs/session-20260927_235550-vision-all-sealed-a168fb9c.md	27	4b1db84c34ccf917e682baacd53ecd7b6ff917883a9f06e74a4f8f90fd556cf8	hive;
1	context_bridge/final_recovery_20260921_223505.md	37	715777699e0ff884815763eafabeead030fd29b078e70d90ad3df5361cab321c	cosmos;
1	context_bridge/final_recovery_20260921_223334.md	37	b0d11cbfeb4aee3418886c34443a72019475ebbae42f684f265cc1d400cf8316	cosmos;
1	context_bridge/concepts/modular_turing_tidbit_v1.md	46	036078f926594b1f063b55eeb83b13dc77f5165849f015898a5a540a3d3244bc	synergy;
1	context_bridge/concept_mining/distill_20260928_012029/read_20260928_012238/13_auto_20260826_064048_log.md	11	00bb11f78f1990419abf7629af943cc96443e34ab8f04dc6a861ebda529b15ba	swarm;
1	context_bridge/concept_mining/distill_20260928_012029/read_20260928_012238/09_auto_20260825_140755_log.md	35	431122df606facc2250916002772b8c9890309363caab176d1aba6cd22480677	swarm;
1	context_bridge/concept_mining/distill_20260928_012029/read_20260928_012238/07_20260820185922_AGZ.md	36	696c15c8d3e516fc78ff70461ae2de1f735f9f3d51adce19787cddaa58e89889	dimension;
1	bin/triage100.py	181	79f9bbe5d0f2995f04311c63665f10bf44d20cd19d0aaf59658b0577662829b8	void;
1	bin/superloop_recall_fixed.py	211	cda6cea145e4f1c68aafa08592ad90635173e82f58ec61b341b4b9969b1db982	hive;
1	bin/superloop_noise_filter.py	71	a95ee9d898a20c5334ce236828204345bd345161e68b5d09574b9c6dd8cad481	hive;
1	bin/superloop_core_v1.py	166	8b0e2c4bf318c66753a636205e5b6273a7e1563e6d7428908925912338722686	hive;
1	bin/superloop_composite_v3.py	252	5b3ed79d5926ee99c6b25b4a2213e9294fd7833f502e193e11835d7a4d02976d	hive;
1	bin/superlinear_strike_v1.py	285	28ecca487b973aede2fd57d162872fcfdf79d1bf73af6cd67908050fe977df31	void;
1	bin/superlinear_setup.py	315	de516b289347ea4098b1f1e949708cfe5f79f68454e58a56fb8bb0b92ec87625	void;
1	bin/run_handoff_v1.sh	40	8dc84c8187827bfbe9736c8e0ce79aba475d5b9d9b02c0703d628d178de1c0d5	hive;
1	bin/resolve_pr58_v1.sh	102	97010e13039afacf403cbc490af09bb9c9c6ab221f26d49291648fb3b5148001	hive;
1	bin/recovery_final_status.sh	73	04a46a3f17158ac84c6f14741f42c8c2ae831fa23d820998b52f9d06588ef6df	cosmos;
1	bin/master_finalize_v3.sh	84	74394ca265b62776dc38c9e73566ee5b465e0cff9f70755a089683e3c1d95a21	hive;
1	bin/light_cone_router.py	27	04f56b1d5d4880b31737d37e0021a3ab9ae92c0f977d42e67058d0cbfc6c167f	light_cone;
1	bin/keyword_router_v1.py	205	5b3500e9df12c5ed754e2945c0d21915c41542c6a371322c44fa441ccafc81cf	hive;
1	bin/finish_vision_v2.sh	99	aedf28381b43a56b48f494c36685a129886a6367b3b14674e06ee0645724b39e	hive;
1	bin/doc_gap_scan_v1.py	131	9f3dd9d4f83cd063422204eab77eb112c96c50f5d59cce61ae41f1175ef03a3e	hive;
1	bin/dedup_pipeline_v2.py	68	9b5dbf8fe8d85913addf00b634aaadc89ac7a33aa4a6cc5baf1dd439f676f2e1	hive;
1	bin/cycle_recovery_v1.py	412	a46167724330cb0f1151f831f8be76dec494f26471206bf00bf5a308323e7d16	cosmos;
1	bin/abstract_grade.sh	8	f7fe8a44cb837db95fe272efec4288f49e810b7fd395dc295877f2b0382c0399	void;
1	bin/1343_test_process.py	1636	94eab79cec9042f2912516934443b4181d04ace40665eab11ec11b9f9aacf0fe	void;
1	bin/1330_winmake.py	619	4a6f2a97afce0182e2e2f875a5aa0b6fc83b64cd4990bd2a8ea8404491ea928a	void;
1	bin/1319_download_wheels_github.py	108	92b38d41a2b52648bf1a03fd81cf639e4a1d74bea679af89b540b39c08492092	hive;
1	bin/1315_check_broken_links.py	266	ec875ada9fbd6bce76eaa452d3e332f085e29256b9caedcd22e1bf0c80785012	void;
1	bin/1285__psbsd.py	977	16bb80272fc6ae98c07c72e96f873721519fcb65e28bc6f50479c88f151f6db2	void;
1	bin/1280_conf.py	376	c10dbdb7c428690b2024214246f6a35c6e7f0b1f71507902d5bfdaf2a8a78ac8	void;
1	bin/1266__sockets.py	399	3a6543adf7a656f17d7392b5b6906043257a7e7e6fd17c821312c0a81386cfda	void;
1	bin/1254__signals.py	29	9a34c107685328d3d1954d088678a379079da563861110e23234a5250b05aee8	void;
1	bin/1217_schema.py	1163	6aa06e03ef9cabc8005648a6e4124f140487cce67c745b66157fdf346afa8a9e	void;
1	bin/1214_mypy.py	949	0a5f1745f0a621c544de3e40114e760bc88387c95c5fffc3de1cf68c85b1300b	void;
1	bin/1209_errors.py	646	988c0f103e6f18ce50e6fe02e19d493e5753447fa89af132947ea4b0c84e98fc	void;
1	bin/1206_decorator.py	264	cda6b1c71a163c29bcd7c0f56ecd3285aa518d79b7d95f06d191d609d335b970	void;
1	bin/1204_dataclasses.py	500	efce1caaf2276f020f5abf6eb1fa57ddc87bcf8b77276b532ba374ebbff0935a	void;
1	bin/1202_color.py	494	8990012d8a7a395a28d801643fd229ae2ff049cebe2a496ef18ba149aaed7798	void;
1	bin/1201_class_validators.py	361	50b39a21481850306c1cbec411511aadc33e52e6ca52082837c8526c3a27b051	void;
1	bin/1196__loader.py	58	8408e04a58e82211b1dc0569229baac3948fb6d04d35e181493aea48c9cd8899	void;
1	bin/1187_decorator.py	284	4c19ba6c9ef026c36287ff16ab92330dcc0fdf69bdfef7f1b3de9d7ac2ee934d	void;
1	bin/1175__repr.py	124	8d07e726ec83c50a5244d846dbd208f4f5fc7b836fdaa599ac4c3696a8a1dd41	void;
1	bin/1171__known_annotated_metadata.py	403	3f29d020543ad7fff819caf39f40f910d96583b8cfabf731a0b4e6b8540163cf	void;
1	bin/1167__generics.py	530	0978dc22796f722f157a36969f57f7f64bf401c7c92f4479db7a912c56550feb	void;
1	bin/1116_chat_completion_chunk.py	224	f945d5fa5b01c287a99d9968e754bb156521236c8e17397d1b981693d4db9f8a	void;
1	bin/1098_embedding_create_params.py	32	51da0108d5c6f8413f53dd548adef7b4266de14a019dcacbf054531db656553c	dimension;
1	bin/1068__types.py	273	17e127a6cb9f8ccbfaa0bd3d78003cb3889a4f90e1fdfaa254316039ed2bc1d5	void;
1	bin/1059__compat.py	226	ffd82e41fcd89cbdc336db9d5f95bb4f671d4ac931f3d0790057e13d00f13149	void;
1	bin/1057__base_client.py	2131	3d35a5b1f44312785d890eb504f58fe11c0fac8764c890148203668c561af642	void;
1	bin/1032_types.py	3310	7e961c1a702770ae108da166de366da98c31258cc1eeb2493df025f3d7a6cf24	instantiation;
1	bin/1012_dataclasses.py	413	e17f567b48e3d4a2f006dbd84a40055cda27e3aceba4199164035fe0b7f06d78	instantiation;
1	bin/1010_color.py	604	033a867d540717ddbf65cb4372e7b40cce324e9d8fead7a49304483535ab2c8a	void;
1	bin/1005__migration.py	316	545ef72d1094cf722b6f9c55b75de36f7340717567105e93d7e27438b7de6790	void;
1	bin/0999__models.py	516	20ed8271771da68bd170b4dd185181e91c8165d126da1fd33a6a02738ac42a1a	void;
1	bin/0988_to_process.py	268	ebcaa12df71eecc797cac89de1f3a99a17d6920768ed9efef410b457251c8881	void;
1	bin/0986_pytest_plugin.py	375	a5a32923f54c3507f66e2af42dfbe03295d28982681c3cd674a5154f2a079af4	void;
1	bin/0983_functools.py	400	4f8252f085eafb1d52d0b6e8da8c05f25f5fcdad8aca93b5e3b40b7b2cf8723b	void;
1	bin/0972__readers.py	250	6b8472a4e454082dddd2afe4c4fb8120cee34c3f222ede57f754c7d05b1db8de	void;
1	bin/0969__connection.py	659	93d61155fea4a19a9bb6d056dfac5259a26959d6706bec50554f401c4a3d0ee2	void;
1	bin/0968__abnf.py	132	c9b8b1af4c6cba99e403a18503232e6ee5c5e9373595bfe117cf743600ac7cd7	void;
1	bin/0935_libc-util.py	1112	a99fdefe6354c28c52eeac9c1e851041b69dad25b8a3b521d4f57b761517c798	void;
1	bin/0934_unicode.py	516	e16c4a685517194a126db981a6745977e9f78768ddd5c08be2629746e2bac7d6	void;
1	bin/0913_basic.py	368	5576ced3fe7b8df718f08b2144b6c6e6ec9fa6163e06c45b31c9b7599ec7d01d	void;
1	bin/0903_session.py	444	3c40154b25843df7e746bde9fd1e947d2188bfe997d9f9a6277b3374e8e84013	void;
1	bin/0884_client.py	714	f5e2e54a7451f7739271e819202cb1296142accb81c5a8d6d66d080f44c54aca	void;
1	bin/0834_HMAC.py	182	5737c3cff95a960e3b23cbf11f08626d11241bff1c6a21993fb0ab8efc4c1a50	void;
1	bin/0765_rmh_labyrinth_model.py	158	62cc5ec444f68c1ad03f9a5649c33d61805f31cd976e1263fd2e8d31917ad729	void;
1	bin/0757_diagnostic.py	33	44259d97b5eba36bb2d99137aa681d62e03c3cd56d2798a2d9bcff40a2cc2dae	hive;
1	bin/0733_unified_breath_loop_v3.py	205	ab2ffca7e489732653b0d82b694e72cddecad39a43ce9505a12174c8db6d857c	collective;
1	bin/0731_create_session_anchor.py	74	b30c82f847f0bc813f499258c2563bfee2df3d3fc785b05926f7918d29c9fa53	hive;
1	bin/0724_download_wheels_github.py	103	df939f2d0d00cbf7fc2401118b27000b8021b97abb0d2b8c929b44edd80eb331	hive;
1	bin/0720_check_broken_links.py	261	fa84426d93071ec0d415dbe8d4239701cab4dac71808f15838e2786d11e189d5	void;
1	bin/0706_organize.py	59	36a91910358dfee64c366c1bf8ad6d94ebeeda75e81119cefc7f71c898e67beb	hive;
1	bin/0705_earth_loop_v8.py	145	166c39799f369285925ecbef2b7c26261ac7b3a812410ec1a0b0e4142812c5c6	collective;
1	bin/0703_LearnFromMistakes.py	102	2cee887428381768af37a22eda2e6a64e7bbfe8c562d8fb1a3e40071b28624ed	hive;
1	bin/0699_winmake.py	625	b7108ec445d8872cea5809b4ea61714705a759a82bdd87a3e2b6ee5c762b95f6	void;
1	bin/0689_test_process.py	1616	b8820afbd3be85b1fcb4ad9bafdcdc89285f84ec3869a51b6ee6e8cd27916fd5	void;
1	bin/0683__psbsd.py	927	a6cea19d7b0cc0e7894e6a02aef11afa8159c45591034ffbb65e3bb11f974870	void;
1	bin/0674_generate_thesis.py	247	0f71b1ef50239e664cace9db6dfd014bb00b702e3175c5c3208cc0e4d74c5c18	void;
1	bin/0671_build_spec_v1.py	84	e65ca5dba84198eb40f42594de06325c19a469c9bd4dfe7315d07a048ae456ca	dimension;
1	bin/0637_disable_adafruit_usb.py	27	ac256f8c537d1b9d32c0d69360ee8228be1d2ef831308c0101ab982b14de9f7d	void;
1	bin/0636_router_fuzzer_seed_corpus.py	168	f1410525b75a6a1ac4505bc81e6337fb8ddcaa800755c32c066f3b56308cc49e	void;
1	bin/0632_conf.py	376	9b13acb75568facffb69e7423a4d176a141300c516c10692f28fb4a1b0287cd8	void;
1	bin/0606_build.py	394	b54342e5c447de0e7a34d8a7e8f0a89e86767cbaa71838198685533a8f69d8b1	hive;
1	bin/0556_test-legacy-compat.py	138	9bd6b6ab07febd7416e1a9c460231b693799988f3cc96b38fbf949ef3654b121	void;
1	bin/0533_chunk_and_seed.py	58	8ea8a8c68dff992b4fa7f7904782f60ef640cb278b7770f01f03e1749aa9c879	hive;
1	bin/0531__envs.py	143	1f7a952d7561e0b5afacfbeefde9177f775f6edc2796134940fda9c57a5c71f5	hive;
1	bin/0529__compat.py	87	b27795878ffa5b14192b8963765df2955b8ffaad2db52a9b825f665add079ce8	void;
1	bin/0524_requirements.py	251	23397d9fc9dcd7cf250350523d2f10c5fb9d7c340f1e09e0c3e8a3ea15edd274	void;
1	bin/0521_found_candidates.py	166	f1b6580c264b5d274b1f2fecd68e5fe2bd791e62afa85521cc1510385db52ebe	void;
1	bin/0517_resolver.py	598	a4cc14d7514ed63796076bd7fb0bc0e5f7720c13d61fa0dc723f6a11d8756773	hive;
1	bin/0513_git.py	571	4d37aa0eecd2fbf04548db944ad556984da7183a4abaf521041264fc20905d5d	void;
1	bin/0509_virtualenv.py	105	997f943f2c3530fc61c14c4a85ba96597ef427a3c75c0263555ad19c6d21f667	void;
1	bin/0500_logging.py	396	ea5256302e9ceff683fe2e2c76069a79bf939b7916a5883485b6bf575f8e2e71	void;
1	bin/0495_entrypoints.py	88	b8f8c0c9284a39b768b63423254ce9ad0eabdf142f0c86705187c71ea67b0e89	void;
1	bin/0484_req_uninstall.py	639	74298e1edfbd45a241abddb52f8b4c1f73e62010deb46a659db8d1297986b74d	void;
1	bin/0475_freeze.py	259	3c3758fb2fd9b596492c029c6963c8191280196ec35d1e3c7f468c454d23ec10	void;
1	bin/0469_download.py	340	f22959c535819bd2754c4a6ea45139e954398ecdcbf35aefdd7d2b6707c13d38	void;
1	bin/0468_cache.py	128	926457290ac6f44dbac50463db5d4b1de106a4383f4a5614f439f57c9f8031e2	void;
1	bin/0465_wheel.py	80	d5275f0ef37b00b4ec6f267d10eb0dcb518f8ab3f59fa1231f2ccfad9c8b4a1f	void;
1	bin/0458_installation_report.py	57	5383255d6141fbc7afff285eb8c3bd4f69bfcb96f80be84ecd56a81d5a1b977f	hive;
1	bin/0452_pkg_resources.py	298	34eefa66b7d1dbe2ca253c9a5eb990a0686624c02b00bbda72b9591d58920d3f	void;
1	bin/0451_base.py	685	046b8c7a795c413f22ee3f62725adf742def4b082f86bf208e7f79e5c0b2d7ab	hive;
1	bin/0445___init__.py	438	88ff725599ffe223ee35c694361d80fef24b72f519fbccb8cef28b0d512a68cd	void;
1	bin/0439_sdist.py	164	458c1021bbb1a4acba3a394164201e7f1a4c0daa28714438745b61786b224ce4	void;
1	bin/0433_show.py	231	a0b54921f2969832a6d12b101848b7a68ccd8aaad78d3adab3f7db05260aa410	void;
1	bin/0413_progress_bars.py	153	216d4f1f99f614fa940533fb50b43962efb0c8d34ef57198de0d4f4f844cbb8e	void;
1	bin/0412_parser.py	358	108144c6b597ff59eb97521bfbe18ea2bef4598a8bb5db870727a76f5bbdc47e	instantiation;
1	bin/0410_main.py	85	9630d0064bc1b42f314e339d6faac3273254362d6cf8f9d547f5b90be32ad039	void;
1	bin/0389___init__.py	21	30934fa5f23170ef85821c6905bc641b5ac58907fa1ce51b5785399aad07167b	void;
1	bin/0373_ssl_match_hostname.py	159	0e2ec353bce892896d6a94ff1744a3db57df631c1a4bf704e5aa4eb70b9e7b20	void;
1	bin/0372_ssl_.py	527	63d44d9160887a10f1211bf21671d48e23253e8966dfaf0660cc9ad9874339a8	void;
1	bin/0367_connection.py	137	2633bbdb69731e5ccb5cf4e4afd65605d86c7979cc5633126f50c92d5ad74a74	void;
1	bin/0363___init__.py	53	c73ac0487ed1e4035190f24ea2de651a70133aadca2aec97cc8e36adc9f09aab	void;
1	bin/0361_pyopenssl.py	564	9d764a3281ec8b898f3f92b7ae1d0e7486f13487fc019d2615411ee3a1b691e7	void;
1	bin/0360_response.py	1474	7848fab57f7c669db5960442f310073dd888e5b45d1e592e2947008eb53253bf	void;
1	bin/0356_exceptions.py	335	79e43bee726317dedb3fa4af08ae209b1e81a5064a53cca3bccf80203c19757f	void;
1	bin/0354_connection.py	1099	d5947682a7c5748cd36085301742b99dfb60dba84ba94e67af5c874dd29bed60	void;
1	bin/0344__api.py	341	0982425790537edb5961fa98de6a2f74c044fbc6b3eee8444ff2d86ca4f6367e	void;
1	bin/0257_providers.py	196	a485896c874927d185b4d6edc131f421ae37563ea16021098f60ce2ee7b5e453	hive;
1	bin/0247_exceptions.py	152	7f3e67da77df6bb437d07a3d0270ae35e90ea344b7043212ed59381d095a916b	instantiation;
1	bin/0242_api.py	157	fd96fd39aeedcd5222cd32b016b3e30c463d7a3b66fce9d2444467003c46b10b	void;
1	bin/0238___init__.py	178	6faae55cfcae88b01dfacfa910f5fb21e8c99e6207d5ea42385a3f98b26b01c9	void;
1	bin/0237__impl.py	410	8d8fab6b19e6c91c81e7baee022b6b25153311ec6e021193a6033282ac7aed9e	void;
1	bin/0234_unistring.py	153	6a5fbfac17a646e1af8a7b2b33a6ad36c1d3989e8351bc36e2ad8ed91bb57017	void;
1	bin/0226_lexer.py	963	db2cbaf001bb62908d310934b1e4ac06304632b3f96fa90b458c48ed8da643c1	instantiation;
1	bin/0221___init__.py	82	f2e36a2420b05ea6c4c79692b01af417291440e0432818a13b998faa2c356aaa	hive;
1	bin/0220_windows.py	278	5ef09f925194315c496d78ade758e960c37e94d79270f07cdaa4b50807a994bd	void;
1	bin/0217_macos.py	146	d17a0e8229f534aed0922ee2b240fea12f312b1c3a6d782828481daa90910054	hive;
1	bin/0213___init__.py	631	51f7921d697c01e4ed6ce04ea070312b874e0ce5a466d7f2fa6fe2edc59d27c7	void;
1	bin/0211_version.py	1231	31cbbb4dfe98d62d20438157bf8b7483c71b2f98e8004b218e0229cffdaf2122	void;
1	bin/0205_metadata.py	964	72b021d04dc654656a3e5bba11d445b1a1be63a518ce74d4aa3b8629118fbfa7	void;
1	bin/0204_markers.py	492	422c4155c6fd0f61e3c04622ba1a4d91baa4f739cf45b53cccd5f4911d5122b5	void;
1	bin/0178_compat.py	1137	1d7252e7b48b03f8a784833897ccb811b0755f7032ab8cb3648443ac8ed4d37d	void;
1	bin/0163_wheel_builder.py	261	caf1142d2b59b6dcbd2a9969f3db438acde119dc8a43ed8151b14b989ff98a79	void;
1	bin/0153___main__.py	24	ace651b6b5e30c1cd8db89e26b14e777d6471d62fb07411ac1574ba09de723a7	void;
1	bin/0151_core.py	25	0b9f2239192efcfcb7b9bab21414e1bd1c8a2c97ec7e9780c77f0eb05c1f93c8	synergy;
1	bin/0145_lockdown_provision.py	668	fe867f079bb1bdca0f848655e52eb3271abc080ad786917fc8a6be64cab49b10	void;
1	bin/0139_seed-json-to-proto.py	342	9318db6aa4e97fe6f0de1a0c2d3ca172a9423eb7ffb4073291b983e39611ab3c	void;
1	bin/0138_readprops.py	45	4b02dd7de49a46779063295bb395218c50fa9c71f19f548ef0594b22bd96fe19	void;
1	bin/0136_platformio-custom.py	425	5e8c80686d2bd485b2e3d8d5e3bfaa2880aa7aec8266b2e602ae2bb128a0c9db	void;
1	bin/0112_postulates.py	43	429f70830f80ff1a6ad4d5ff62dd2755e23969f5c90514500c07a27252cef8d2	synergy;
1	bin/0107_agape_mesh_oracle.py	206	0d6f04d6d890942e1807452dbbc8a3e763f8aacb7e041f17e183d5bd1143b6c4	synergy;
1	bin/0104_organize_docs_a15.py	262	49c8caeb00495b6bd4e9603a7473f83ca1ea3c445797b4257e93926b75b9cda5	hive;
1	bin/0095_deploy_thermal_loop.py	267	e5ba29cb1e2f21c46e3514992908d04e715eede224cfd7cfc0e1cb966861a7c5	synergy;
1	bin/0081_governor.py	251	9d93e0b481442ae23c07e9c8eab18d08b971bde6e0080592e0a863d8ca7c794d	swarm;
1	bin/0080_une_master.py	425	ab07da7a346f38afab465081115dbe38e805783b3fb8ca4989fa645f6ccda473	hive;
1	bin/0053_agape_kernel_v2.py	386	c54cd37678a16457d4d5b342537c52c95f5575fb75a557bf7ced61519acf6d75	dimension;
1	bin/0050_agape_farm_os.py	325	d871e9c40bf9c9ce3c469182b806e3d018919fc127ef5bf26bccd37337a2197c	synergetic;
1	bin/0030_openroot_archiver.py	3	221e3008d121d314ae45451034de9878701149fae6c8bb670f3d0ff39a99277a	hive;
1	bin/0024_constitutive_compiler.py	213	9642f2a93c46cd9c7e562a4411cfae51fd27bb0acb40e6c7a0d64ad7a39269b4	synergetic;
1	bin/0016_openroot.py	103	d6303f2256a3174a0532d51685393226427bb52893167d81109ea1e1199b48f3	dimension;
1	bin/0010_groq_fallback.py	88	f4c5668618dd724e5bec01f7e79050c7f697f6960059049ac026ff429ab817bb	void;
1	bin/0000_agape_one.py	715	72e6cb1cd3fa722fa0da33160acfb9996f8a6bf0141c853a9b42e7cb470bb134	void;
