2	analysis/frp5_20260919_233659/local_state.txt	16	339	2026-09-19 23:37:04	4af561da46a89ff5cfca70134b0a336edea60c031345f5ec0bbd8177f08f0062
2	analysis/frp5_20260919_233659/remotes.txt	2	109	2026-09-19 23:37:00	ff088eb4f5e6f6a4a4d084d95b4ed51d4c794cd511e963121c727e9a5b5cab02
2	analysis/frp5_20260919_234220/local_state.txt	17	373	2026-09-19 23:42:27	8a93fc15c3c5a0842365892bd18e172d00c21ec613be79c0839641c0e3cce387
2	analysis/frp5_20260919_234220/remotes.txt	2	109	2026-09-19 23:42:22	ff088eb4f5e6f6a4a4d084d95b4ed51d4c794cd511e963121c727e9a5b5cab02
1	analysis/frp6_20260919_235335/plan.json	991	27889	2026-09-19 23:55:02	f0fdcb9e218f09172e4c6e7802766193f45b1343fb7a7abd6437a87b93e13bf3
1	analysis/frp6_latest_plan.json	991	27889	2026-09-19 23:55:02	f0fdcb9e218f09172e4c6e7802766193f45b1343fb7a7abd6437a87b93e13bf3
1	analysis/frp7_20260920_002113/triage.json	1137	61715	2026-09-20 00:22:54	6d5123b5aff1be1fa66ec021428d80280b636428ebb8262a1ebde70117f8663e
1	analysis/frp8_20260920_003326/prune_plan.json	1352	52437	2026-09-20 00:35:19	157e1df67151a65ad574faddab1694fd3e7aa0b87fecce799eaaf09e5db754b9
1	analysis/frp9_20260920_011327/dedupe_plan.json	809	31642	2026-09-20 01:14:48	8b310d23bdff457edb245a442f4693df07995bb80b3dd96529c5448113959b2e
27	analysis/knowledge_probe_report_2026-09-18.md	213	26689	2026-09-18 19:35:56	4826478bb019f4304e6750e8f8e49bd7d5cbbae936dd6b97d86194471e1dc9bd
9	bin/0000_agape_one.py	715	26622	2026-09-23 19:42:44	72e6cb1cd3fa722fa0da33160acfb9996f8a6bf0141c853a9b42e7cb470bb134
2	bin/0007_faiss_search.py	141	5267	2026-09-23 19:42:44	ab698bb8da909a89f2a056e9b0f96f1e4ea40ab65842f085bdef9efb33792175
1	bin/0010_groq_fallback.py	88	3064	2026-09-23 19:42:44	f4c5668618dd724e5bec01f7e79050c7f697f6960059049ac026ff429ab817bb
1	bin/0011_one_principle_n_power_n.py	196	7388	2026-09-23 19:42:44	81533c8e3eed23f6d9b4c4d5bd52a14f62127dda6a472c2e60eea937daf114cd
29	bin/0012_newton_chain.py	389	33076	2026-09-23 19:42:44	0cd3a6176896cf7c009240268d71d9256e713141d5e0f5264f29aae5635cfd94
4	bin/0016_openroot.py	103	7102	2026-09-23 19:42:44	d6303f2256a3174a0532d51685393226427bb52893167d81109ea1e1199b48f3
1	bin/0022_agape_init.py	373	14911	2026-09-23 19:42:44	9a63d9c013a3d06a34dc20c8670c28de867d6e49fc94d9a804afc119cd4c339f
2	bin/0025_fix_chain_verify.py	93	3461	2026-09-23 19:42:44	6f3629a6dd6b74b61c41b5b286e67bf8293e80093314eb07687fadbd1d5dc649
3	bin/0027_agape_frequency.py	279	12182	2026-09-23 19:42:44	bc1234dfe2c73080681886d2f12d6648aa1f2af9356c2cbf78ae1dade8c7cf4a
8	bin/0028_agape_neurogenic_kernel.py	1082	57388	2026-09-23 19:42:44	c2bccfd9e316e5a1526ad7c08267e290eecfdf00ad5df7fbdc6f26b08e3daacd
2	bin/0029_agape_evolution_v2.py	330	12321	2026-09-23 19:42:44	a36fce85f9dc35024a5221c88163eff4b7b0a4a3d6741aaa58cf59285dc03a9d
2	bin/0034_repair_all_une_and_commit.py	411	14325	2026-09-23 19:42:44	b18250dacd94dd2ed1184e042f4eca5d549ec7080394a5dbc0dc16db147f301e
1	bin/0035_compressor_node.py	380	13390	2026-09-23 19:42:44	5171887db6ebb8da5909fff2261ad03ea61a1210fad6c3785ed296baac94a539
2	bin/0037_fix_last_une_error.py	200	6883	2026-09-23 19:42:44	e2f1963a7b58efcf8fcf75689b7a2b213ccd06b19dac7f1dbfcd05bd047f780a
4	bin/0038_hive_swarm.py	806	31638	2026-09-23 19:42:44	803aa501638aa1733ed3cb44719e4ea58429413211c75d47bbe9501edce37b53
2	bin/0039_apape_net_setup.py	423	15860	2026-09-23 19:42:44	6fbcd043a3951016242f9faf20273d853a37cbfcac1922cd0e1fc22296abc867
2	bin/0046_smoke_fix.py	60	2521	2026-09-23 19:42:44	a9741944411f24bedb89bd3bcbaa5311ceb57cf23dad88946f0977a1bbd20d07
8	bin/0048_snapshot_bootstrap.py	537	21035	2026-09-23 19:42:44	e7f32e365721f5c4c1c8337f87cf59e5ca86f4836bedaeb75a3915eeea245040
1	bin/0050_agape_farm_os.py	325	11847	2026-09-23 19:42:44	d871e9c40bf9c9ce3c469182b806e3d018919fc127ef5bf26bccd37337a2197c
2	bin/0053_agape_kernel_v2.py	386	14503	2026-09-23 19:42:44	c54cd37678a16457d4d5b342537c52c95f5575fb75a557bf7ced61519acf6d75
1	bin/0054_agape_ledger_chain.py	404	14576	2026-09-23 19:42:44	e169e8f6f177d8627ee44d141402aa121e47ffed34611bde5880874a32299271
7	bin/0055_und_protocol.py	124	4560	2026-09-23 19:42:44	77f7fa9d5756f196b0fa28ecf0ae66c0e859a951ff0041dad8a7d46f94908314
3	bin/0057_agape_primitive_forge.py	1286	44875	2026-09-23 19:42:44	0070c19cfb50608838864e9dec62a4e6634740f1bc51e09e8686afe0e3f2dbb7
2	bin/0059_final_une_syntax_pass.py	319	10879	2026-09-23 19:42:44	d0084794a9dd43d675c5c63054272a3fbc11ae2a1acfbf8031dc6ddc4def784b
5	bin/0060_emergency_syntax_fix.py	109	7020	2026-09-23 19:42:44	f15c10dda22e30f267e225768e07b05d6ad6e2e7dbace67ea73276d222096b85
1	bin/0063_surgical_fix.py	210	8655	2026-09-23 19:42:44	7796f195362ef873813b90835110159fafcd51fb2f36038336e70e23f7418f62
1	bin/0064_fix_final.py	127	4768	2026-09-23 19:42:44	2de1ed86e6006da242b87221b8230b57dca58558bbd3ce3c3c8b45b5f1e882b8
6	bin/0065_agapenet_unified_setup.py	355	12309	2026-09-23 19:42:44	307eb605bb8dde8de6f94b4e8f9b576a3a1e2c23a4f53fd7290608182efa5504
3	bin/0066_storage_daemon.py	176	6500	2026-09-23 19:42:44	36ddfe7c5bb34941cebf24d8522d9d1321c233ddfc2d852d054960e951ea41ed
2	bin/0068_agape_net_setup.py	422	15859	2026-09-23 19:42:44	3716cadbe304d415aa8c830e2ada43ce03c29a94b84bc9c6c37af0a2c8456b51
1	bin/0069_agape_net_full_integration.py	426	16733	2026-09-23 19:42:44	ac42da68fa8d315d42ca570720c64c83948b0357dfd20f5878018f21c67be154
1	bin/0071_une_fix.py	130	5908	2026-09-23 19:42:44	0ad0e4d40e08f8a2e6032f049dd08412111058bd0f06ca6b1c3e52c0b82128c1
1	bin/0072_deepdive.py	212	9012	2026-09-23 19:42:44	3efc4aba22445812291dbff1f23ccf8418f09a6c2582d844030351f093509e7d
1	bin/0080_une_master.py	425	13710	2026-09-23 19:42:44	ab07da7a346f38afab465081115dbe38e805783b3fb8ca4989fa645f6ccda473
1	bin/0081_governor.py	251	9201	2026-09-23 19:42:44	9d93e0b481442ae23c07e9c8eab18d08b971bde6e0080592e0a863d8ca7c794d
2	bin/0082_autoupdate_loop.py	62	3095	2026-09-23 19:42:44	6aa29ef9a47f5882d7bd5b17309cdcf141b818af3587a14febeac8b281aac9bf
1	bin/0083_cb_user_hunter.py	800	33116	2026-09-23 19:42:44	ea0f94f86eb8cad7785fe397a78b71e1817e02d41cf81d6c602fa5543bfd8fbd
6	bin/0087_agape_synergetic_calculus.py	340	12547	2026-09-23 19:42:44	2708182446d0b88938f387bcc8c6606e216fb840c02ca442f388d33f5939ddd3
19	bin/0089_agapenet_cosmos_engine.py	268	15046	2026-09-23 19:42:44	a1593af63e3992a6885fcc5a91af5ed19a827e1c3b9ca8126439b81829cddced
1	bin/0090_une_atomic_library.py	126	4774	2026-09-23 19:42:44	478336f02d1c3e408867dcd29d5a6c7637c55b043a19cbfff3eb4453c853dd23
8	bin/0093_deploy_openroot_kernel.py	314	12376	2026-09-23 19:42:44	bfeb15c499882b3684f216d792c537212623801f500f3e5ff04ee85d2a920600
6	bin/0094_deploy_v101.py	297	9485	2026-09-23 19:42:44	17278e908f496e723dd8c41920dd7796edb8c762c41e7f77fe83d45c512f7be7
3	bin/0095_deploy_thermal_loop.py	267	10370	2026-09-23 19:42:44	e5ba29cb1e2f21c46e3514992908d04e715eede224cfd7cfc0e1cb966861a7c5
6	bin/0096_deploy_v103_evap.py	419	14995	2026-09-23 19:42:44	5d4c8fc4c5c16de107cefbe5ba2031d48bfac94c0da6373505fdcb8634744606
4	bin/0106_init.py	233	9381	2026-09-23 19:42:44	0054de81c9c9c34bb2cdf79777badac915bfa2567ea0bca1a8fe87978ec2a51e
2	bin/0107_agape_mesh_oracle.py	206	8387	2026-09-23 19:42:44	0d6f04d6d890942e1807452dbbc8a3e763f8aacb7e041f17e183d5bd1143b6c4
2	bin/0112_postulates.py	43	1463	2026-09-23 19:42:44	429f70830f80ff1a6ad4d5ff62dd2755e23969f5c90514500c07a27252cef8d2
2	bin/0113_selftest.py	60	1884	2026-09-23 19:42:44	cedd4871e20b1ad8ff8458450883bcbce3ca4e29d169bb4763f2fd251170f44b
1	bin/0115_thermal_loop.py	139	5130	2026-09-23 19:42:44	e5ab4ac5a22ebd99f08ab66c6b702e28839de9bcf0d680a06e104311779808f3
1	bin/0124_analyze_map.py	165	6542	2026-09-23 19:42:44	d971e00d4158789b518bada6114f49cb877e8d06bdbe601227aa5bfcde8118f6
1	bin/0131_exception_decoder.py	390	12656	2026-09-23 19:42:44	411b51a45973274b61eda39243eef699be97c0b90dec48d263110f512525a066
2	bin/0136_platformio-custom.py	425	15868	2026-09-23 19:42:44	5e8c80686d2bd485b2e3d8d5e3bfaa2880aa7aec8266b2e602ae2bb128a0c9db
1	bin/0138_readprops.py	45	1643	2026-09-23 19:42:44	4b02dd7de49a46779063295bb395218c50fa9c71f19f548ef0594b22bd96fe19
1	bin/0139_seed-json-to-proto.py	342	13210	2026-09-23 19:42:44	9318db6aa4e97fe6f0de1a0c2d3ca172a9423eb7ffb4073291b983e39611ab3c
1	bin/0144_add_mbedtls_sources.py	49	2007	2026-09-23 19:42:44	99c9b55705f2f70a9e447b844c02020b9e34d45952b7648270691aa9fba5d4a9
6	bin/0145_lockdown_provision.py	668	24843	2026-09-23 19:42:44	fe867f079bb1bdca0f848655e52eb3271abc080ad786917fc8a6be64cab49b10
1	bin/0147_core.py	30	2007	2026-09-23 19:42:44	08569f92dbf7553a6fba0c6c6d58defd05987e3a3edf955b4f74ba378033e8d2
1	bin/0153___main__.py	24	874	2026-09-23 19:42:44	ace651b6b5e30c1cd8db89e26b14e777d6471d62fb07411ac1574ba09de723a7
6	bin/0156_build_env.py	606	21911	2026-09-23 19:42:44	5e980e2254d02e0cf73ef0d3da7ee3d8dcd7feb54564b0881bbb7b6f675d85c3
18	bin/0157_cache.py	291	10345	2026-09-23 19:42:44	9cc878f18bf7caed474b5c8276c728baee81e81e7360159d57a6e1aacee02fe1
4	bin/0159_exceptions.py	971	32166	2026-09-23 19:42:44	3d7cc67c1994177aca4108c200c709d5fb33070ea768bd674caf025e1222ef3a
1	bin/0161_pyproject.py	123	4555	2026-09-23 19:42:44	27eb135aa0be5dfb0a420cfd9b56f2a4c5993c722db121f320dfcd59e2119a13
3	bin/0163_wheel_builder.py	261	9010	2026-09-23 19:42:44	caf1142d2b59b6dcbd2a9969f3db438acde119dc8a43ed8151b14b989ff98a79
3	bin/0169_controller.py	511	19102	2026-09-23 19:42:44	c416ae0bebd44aee46b09b310f8f96f8968aaaa6c1cf430de99bfc3c0d8df212
2	bin/0178_compat.py	1137	41469	2026-09-28 15:04:25	1d7252e7b48b03f8a784833897ccb811b0755f7032ab8cb3648443ac8ed4d37d
2	bin/0179_resources.py	358	10820	2026-09-23 19:42:44	2f06cf92c73403524c6e2e979ee3dd301527f375fb04fb85356a8f184288ebdf
2	bin/0181_util.py	1984	66683	2026-09-28 15:04:23	e908917f106c99eb892823550addd4df30bc1a78aa8a08d4c756bd24d01f63ce
2	bin/0187_intranges.py	57	1898	2026-09-23 19:42:44	6a652d91d8587101bc66bf82a0c33f91545a731922bc2d568313756fadca29d5
4	bin/0201_dependency_groups.py	302	10218	2026-09-23 19:42:44	5d92005452bdb871b84421a9ae6267dd522751631eb3185afe4cad26e30ef5e6
1	bin/0204_markers.py	492	17067	2026-09-23 19:42:44	422c4155c6fd0f61e3c04622ba1a4d91baa4f739cf45b53cccd5f4911d5122b5
3	bin/0205_metadata.py	964	38770	2026-09-23 19:42:44	72b021d04dc654656a3e5bba11d445b1a1be63a518ce74d4aa3b8629118fbfa7
6	bin/0208_specifiers.py	1943	71550	2026-09-23 19:42:44	dd705c4ac966f984041043bfcebbf817a751e70471b3812b26f274be33417c63
1	bin/0211_version.py	1231	38393	2026-09-23 19:42:44	31cbbb4dfe98d62d20438157bf8b7483c71b2f98e8004b218e0229cffdaf2122
11	bin/0212___init__.py	3676	124451	2026-09-23 19:42:44	bdb4c9d3faee5201b1423944aacaee16688d3d5ca1dadf6afb3c930d3d39df12
1	bin/0213___init__.py	631	22344	2026-09-23 19:42:44	51f7921d697c01e4ed6ce04ea070312b874e0ce5a466d7f2fa6fe2edc59d27c7
1	bin/0220_windows.py	278	10362	2026-09-23 19:42:44	5ef09f925194315c496d78ade758e960c37e94d79270f07cdaa4b50807a994bd
2	bin/0226_lexer.py	963	35351	2026-09-28 15:04:24	db2cbaf001bb62908d310934b1e4ac06304632b3f96fa90b458c48ed8da643c1
1	bin/0229_regexopt.py	91	3072	2026-09-23 19:42:44	c1768ff468e9fe1280767202aa80e447100e40949ce2fdd7ea6731c77cfe4cdb
1	bin/0234_unistring.py	153	63208	2026-09-23 19:42:44	6a5fbfac17a646e1af8a7b2b33a6ad36c1d3989e8351bc36e2ad8ed91bb57017
1	bin/0237__impl.py	410	14936	2026-09-23 19:42:44	8d8fab6b19e6c91c81e7baee022b6b25153311ec6e021193a6033282ac7aed9e
1	bin/0238___init__.py	178	5029	2026-09-23 19:42:44	6faae55cfcae88b01dfacfa910f5fb21e8c99e6207d5ea42385a3f98b26b01c9
1	bin/0241_adapters.py	697	26292	2026-09-23 19:42:44	55a866a438d909df0445ee057d3722f4d1d7bed20e17b76cd3a817d245997e9a
1	bin/0242_api.py	157	6449	2026-09-23 19:42:44	fd96fd39aeedcd5222cd32b016b3e30c463d7a3b66fce9d2444467003c46b10b
3	bin/0243_auth.py	314	10170	2026-09-23 19:42:44	2875df9db347d857b8add1892b7ada2f83b79f1917c9494b8b324904482e8527
7	bin/0246_cookies.py	561	18590	2026-09-23 19:42:44	6cd8be8aa123e0d3d9d34fa86feac7bf392f39bccdde5129830de0ea9692dd7c
1	bin/0247_exceptions.py	152	4273	2026-09-23 19:42:44	7f3e67da77df6bb437d07a3d0270ae35e90ea344b7043212ed59381d095a916b
4	bin/0250_models.py	1041	35530	2026-09-23 19:42:44	b6fab91eb8b866e5b6a324181dfa19e6873af3c93c0f3b241366aee6c6560941
10	bin/0252_sessions.py	834	30645	2026-09-23 19:42:44	81b9a5b0d4a2f7ab088a0d26aed1f3640653fdf388593a1ef989d6eefe69b4a2
1	bin/0254_structures.py	99	2912	2026-09-23 19:42:44	f886e6855cf4e92fb968f499b94b6167afba0fd5ce8d1b935c739a6d8d38d573
3	bin/0255_utils.py	1083	32978	2026-09-23 19:42:44	c69369a71392a249cb09dfe760a44cfbcd10ae1c64665b907e21f9cce50c8e2f
1	bin/0259_structs.py	209	6420	2026-09-23 19:42:44	a6ef84262476201213af649078d3d16b4ad7863952b5f98efc6120021af7d34e
4	bin/0288_color.py	621	18211	2026-09-23 19:42:44	dc74942d50e3eea4245d47455afefc24e8926737f2e72d6791c6219dadbde95d
1	bin/0291_console.py	2680	100849	2026-09-23 19:42:44	b7d6b366999131553972985505949284db26071776f880167134e5868afe135b
1	bin/0301_highlighter.py	232	9586	2026-09-23 19:42:44	1bfb27fbc0ca8ccd6c1232c6fe8738a2f9169a25295af8fc6d78b4c9e7762e76
1	bin/0305_live.py	400	15180	2026-09-23 19:42:44	b45dee90000967f37665b19c96a67e8b02e822867c7f41c7533efd8c0c89aa3f
1	bin/0307_logging.py	297	12468	2026-09-23 19:42:44	e4a68f3d230ff45c5c5cf05c28ce1c19dff35bbf0f3207fe61b3159ef7d2c34a
1	bin/0308_markup.py	251	8451	2026-09-23 19:42:44	ddeb8628fe6ce353424306928d39c9c6eb398993078f1a483345ba7c2c6b6b7f
1	bin/0314_pretty.py	1016	36391	2026-09-23 19:42:44	832dd2ef6bb8151836cada28ecdd590d60c8bc1e2e9dbcdde625067609bef1f7
1	bin/0315_progress.py	1715	60408	2026-09-23 19:42:44	09473696453e5f9f6655d19f8cc0819197a218f2f7bb174e36384d245d93ef06
1	bin/0317_prompt.py	400	12447	2026-09-23 19:42:44	974461414fb45154d5f5ed3cc56d416c88f426ad885f20a15f8942d2514dcede
2	bin/0327_style.py	792	26990	2026-09-23 19:42:44	5bd09ccbc3f2f253480ad95f729fabcb3313b90686c405376afefe8397c7bb4b
1	bin/0332_text.py	1361	47552	2026-09-23 19:42:44	00eec93c2cfafa068dd6d8552d73019ed1260cf55816014d1b5a0ceb5fec6a75
12	bin/0344__api.py	341	11413	2026-09-23 19:42:44	0982425790537edb5961fa98de6a2f74c044fbc6b3eee8444ff2d86ca4f6367e
21	bin/0345__macos.py	571	20503	2026-09-23 19:42:44	9d994b90e9accd413483aaf2470055198e423b33f2b9d72c889b4359aacce4b4
6	bin/0347__ssl_constants.py	31	1130	2026-09-23 19:42:44	3540f87d529d483d36ae2efe75bd2d9ced15a8b3fd687bb3992b5c5bbb40974f
19	bin/0348__windows.py	567	17993	2026-09-23 19:42:44	ac01f22980fc33bb7e6d77c6f1580e55add3a5f85585bb78ad94253b8e58b8ff
2	bin/0349___init__.py	211	6979	2026-09-23 19:42:44	24ca35b60d67215d40789daf10d0bf4f17e5d1ee61e86ce5f43195935ad645ba
2	bin/0350__base_connection.py	165	5568	2026-09-23 19:42:44	4f57301f7461cecac187a073dc03865436e846c13bbde8a3a993d75d04d1d918
3	bin/0351__collections.py	487	17595	2026-09-23 19:42:44	52f57b52ab464d229dbf0f0dfcbc56b848a464b9b9801d7315f4d9607f4a8409
7	bin/0354_connection.py	1099	42800	2026-09-23 19:42:44	d5947682a7c5748cd36085301742b99dfb60dba84ba94e67af5c874dd29bed60
5	bin/0355_connectionpool.py	1178	43371	2026-09-23 19:42:44	64486e76c6bc048b9b0f63345e8c4106c8f16ec5f0320512707ee843d8be8f56
4	bin/0356_exceptions.py	335	9952	2026-09-23 19:42:44	79e43bee726317dedb3fa4af08ae209b1e81a5064a53cca3bccf80203c19757f
2	bin/0359_poolmanager.py	651	23845	2026-09-23 19:42:44	da9903ba3b7ee824d27ab4b05df9314ef70cf7713696c3471dbe09fc07ba34d3
17	bin/0360_response.py	1474	52743	2026-09-23 19:42:44	7848fab57f7c669db5960442f310073dd888e5b45d1e592e2947008eb53253bf
1	bin/0361_pyopenssl.py	564	19750	2026-09-23 19:42:44	9d764a3281ec8b898f3f92b7ae1d0e7486f13487fc019d2615411ee3a1b691e7
1	bin/0363___init__.py	53	1741	2026-09-23 19:42:44	c73ac0487ed1e4035190f24ea2de651a70133aadca2aec97cc8e36adc9f09aab
1	bin/0365_probe.py	87	3014	2026-09-23 19:42:44	9e7024a9b8406a43a217be6bcfb5b4b9d677f047a1fee0fc7e357be0def71442
2	bin/0367_connection.py	137	4444	2026-09-23 19:42:44	2633bbdb69731e5ccb5cf4e4afd65605d86c7979cc5633126f50c92d5ad74a74
1	bin/0370_response.py	101	3374	2026-09-23 19:42:44	bd013adfdba81218f5be98c4771bb994d22124249466477ba6a965508d0164e0
3	bin/0371_retry.py	549	19235	2026-09-23 19:42:44	58e7081d56b129ff9d55bf3d9546e9bdca5e33bacd605fefb0ab0238ac35d19f
1	bin/0372_ssl_.py	527	19929	2026-09-23 19:42:44	63d44d9160887a10f1211bf21671d48e23253e8966dfaf0660cc9ad9874339a8
2	bin/0373_ssl_match_hostname.py	159	5845	2026-09-23 19:42:44	0e2ec353bce892896d6a94ff1744a3db57df631c1a4bf704e5aa4eb70b9e7b20
2	bin/0380_connection.py	260	8960	2026-09-23 19:42:44	822125b01a14b0a55445b6736fc182ac99aa5b6dd79ef8f668dc90545e36b258
9	bin/0381_fetch.py	726	23520	2026-09-23 19:42:44	e7171dfbebe217165dda7072d1a2bbdddb49f53b21d7261953f4945f09f089b9
2	bin/0383_response.py	277	9507	2026-09-23 19:42:44	ee854f10d6191eecc4191b46e341e89e91f9b402181ec19c1cf6c9b7667453e6
2	bin/0388_resolution.py	627	24212	2026-09-23 19:42:44	dc9ff3916fac0f7118f8194d5e3ca59fffe78e9c87e67d146494fab95ec285e0
1	bin/0389___init__.py	21	557	2026-09-23 19:42:44	30934fa5f23170ef85821c6905bc641b5ac58907fa1ce51b5785399aad07167b
3	bin/0390__in_process.py	389	12216	2026-09-23 19:42:44	a9c5cc866c7ffcc209ab5d201875b7980e1397c772f18cc731c7309cda0a970d
1	bin/0391___init__.py	940	40392	2026-09-23 19:42:44	e14e23b40d17de23fcdee42707df9323e1c34b0f04f32f333181dad148db6da2
4	bin/0392___init__.py	157	5385	2026-09-23 19:42:44	293c019a75e56a8a498500ce7a6547607b24883821baafb4f18b4feb13cd24f8
6	bin/0394___init__.py	362	12115	2026-09-23 19:42:44	c1b20c137e461fb6c8d41f6b34f245a964fe8a3fd102964360f52567271a2f30
3	bin/0407_cmdoptions.py	1298	37593	2026-09-23 19:42:44	4077d468f99934cba66493d2e4999abe1f2335b23b4f7562f01615124a851f16
1	bin/0410_main.py	85	3137	2026-09-23 19:42:44	9630d0064bc1b42f314e339d6faac3273254362d6cf8f9d547f5b90be32ad039
1	bin/0412_parser.py	358	13827	2026-09-23 19:42:44	108144c6b597ff59eb97521bfbe18ea2bef4598a8bb5db870727a76f5bbdc47e
1	bin/0413_progress_bars.py	153	4706	2026-09-23 19:42:44	216d4f1f99f614fa940533fb50b43962efb0c8d34ef57198de0d4f4f844cbb8e
1	bin/0417___init__.py	139	4026	2026-09-23 19:42:44	68d7826d0bab1968a17e142aec1a9a2d71ea5834348b7234e0e4bb9312baa654
3	bin/0429_install.py	904	33733	2026-09-23 19:42:44	c30b47610dd4a03c5770ccac8d34676d63bc65e83f0befcd93d4a031f0c7020a
1	bin/0433_show.py	231	8066	2026-09-23 19:42:44	a0b54921f2969832a6d12b101848b7a68ccd8aaad78d3adab3f7db05260aa410
1	bin/0439_sdist.py	164	6627	2026-09-23 19:42:44	458c1021bbb1a4acba3a394164201e7f1a4c0daa28714438745b61786b224ce4
3	bin/0442_collector.py	488	16144	2026-09-23 19:42:44	47b19cc7fe0612848423e89acdf0195443c6dcba7a99b653e256c00fa36301cd
2	bin/0443_package_finder.py	1113	41347	2026-09-23 19:42:44	7d7f654657e2524a02f7aac889883833f6c3595354a5a5f64f35f1fc53fe6a82
1	bin/0445___init__.py	438	14022	2026-09-23 19:42:44	88ff725599ffe223ee35c694361d80fef24b72f519fbccb8cef28b0d512a68cd
1	bin/0446__distutils.py	173	5975	2026-09-23 19:42:44	8e9163e15d34ac3f48477bc0f53aab1a4c1c74d545739f0bb028596af81ef496
2	bin/0452_pkg_resources.py	298	10544	2026-09-23 19:42:44	34eefa66b7d1dbe2ca253c9a5eb990a0686624c02b00bbda72b9591d58920d3f
1	bin/0458_installation_report.py	57	2846	2026-09-23 19:42:44	5383255d6141fbc7afff285eb8c3bd4f69bfcb96f80be84ecd56a81d5a1b977f
5	bin/0459_link.py	617	21992	2026-09-23 19:42:44	ced8b9502c75853d377ad62a9ba302a8577bd78725993817f2b4d94fd08a6434
1	bin/0460_release_control.py	91	3365	2026-09-23 19:42:44	df5261f991ec4c80592defbbb8f36860b8914965c08c42358c6371c2a2ca7780
1	bin/0465_wheel.py	80	2920	2026-09-23 19:42:44	d5275f0ef37b00b4ec6f267d10eb0dcb518f8ab3f59fa1231f2ccfad9c8b4a1f
15	bin/0467_auth.py	570	20846	2026-09-23 19:42:44	21372e2eeb3bebaeb084d54948836e34c459ccda061f09aa8519cfea112ed289
1	bin/0468_cache.py	128	4862	2026-09-23 19:42:44	926457290ac6f44dbac50463db5d4b1de106a4383f4a5614f439f57c9f8031e2
3	bin/0469_download.py	340	12625	2026-09-23 19:42:44	f22959c535819bd2754c4a6ea45139e954398ecdcbf35aefdd7d2b6707c13d38
1	bin/0470_lazy_wheel.py	215	7646	2026-09-23 19:42:44	cbd81592c7490928e72df633b3f9b70d8500b65de173f93ec453c305df4380eb
30	bin/0471_session.py	537	19856	2026-09-23 19:42:44	5845600e623ef7bdda9f0edd85e1ace473753fa406cd2fe41e566561acc243c3
1	bin/0472_utils.py	98	4091	2026-09-23 19:42:44	002b177759aca8d0a2747557b2eecb1d44abf0d81aca970e290e0a1be67fc093
1	bin/0475_freeze.py	259	9854	2026-09-23 19:42:44	3c3758fb2fd9b596492c029c6963c8191280196ec35d1e3c7f468c454d23ec10
4	bin/0476_prepare.py	751	29046	2026-09-23 19:42:44	1b1eabe7b2c6fe0baf0181aa29476effaf2b1cf3e43bb090fea736c0a9d8cacb
1	bin/0478_constructors.py	677	22918	2026-09-23 19:42:44	11781b314700b4168d8fa7189acd19c1e23134e4a838f7101bc12a5e5f476213
2	bin/0481_req_file.py	622	20521	2026-09-23 19:42:44	89d563e2e55df32408050a23a2e94bd5c7971abd5093ca27817cf0238bd34ecb
6	bin/0482_req_install.py	838	31845	2026-09-23 19:42:44	555ccef14229e93394fd0084a12c587641b7f73e78a4a3d08e0f19eb3e166cd3
3	bin/0484_req_uninstall.py	639	24099	2026-09-23 19:42:44	74298e1edfbd45a241abddb52f8b4c1f73e62010deb46a659db8d1297986b74d
1	bin/0486__jaraco_text.py	109	3350	2026-09-23 19:42:44	335e6e50f221e4da4fd6d754181c516aeeaad59004b48f3e5f22c4113b1c15f1
8	bin/0492_deprecation.py	139	4319	2026-09-23 19:42:44	a04425b660aae382d0e843fb345e5b67248c7fec0289fa32cbd8e5dfad419d53
1	bin/0495_entrypoints.py	88	3324	2026-09-23 19:42:44	b8f8c0c9284a39b768b63423254ce9ad0eabdf142f0c86705187c71ea67b0e89
5	bin/0500_logging.py	396	13414	2026-09-23 19:42:44	ea5256302e9ceff683fe2e2c76069a79bf939b7916a5883485b6bf575f8e2e71
4	bin/0501_misc.py	771	23704	2026-09-23 19:42:44	f9f17face871071a79ee4c0694d9775f388172cd2009fe83d39c3167e9a4a137
1	bin/0502_packaging.py	44	1601	2026-09-23 19:42:44	b39b6952616e9b05741fd2524f3af2ac863827040cf29686b7b4a6ede370b766
5	bin/0506_temp_dir.py	294	9307	2026-09-23 19:42:44	0fd73c0fb58e3eba0e3bc1860eaa417954a3d74346166ba71b4a364e87638c85
2	bin/0507_unpacking.py	381	13584	2026-09-23 19:42:44	a86f5d269e289e4eac5c8f1a7533743cc4d28fe9238c60ad3599f35ac20c5548
1	bin/0509_virtualenv.py	105	3455	2026-09-23 19:42:44	997f943f2c3530fc61c14c4a85ba96597ef427a3c75c0263555ad19c6d21f667
6	bin/0513_git.py	571	19144	2026-09-23 19:42:44	4d37aa0eecd2fbf04548db944ad556984da7183a4abaf521041264fc20905d5d
2	bin/0516_versioncontrol.py	695	22599	2026-09-23 19:42:44	31afc7319055bde4a4798bf169cbea7ae8e791221a1755e3c53b12dc1c1c27c1
4	bin/0517_resolver.py	598	24061	2026-09-23 19:42:44	a4cc14d7514ed63796076bd7fb0bc0e5f7720c13d61fa0dc723f6a11d8756773
8	bin/0519_candidates.py	599	20912	2026-09-23 19:42:44	e2fdc0d90ee04b56b5b5b31ba61a3d1e58855b87d198716ece3f1f6bb4e167a7
2	bin/0520_factory.py	914	36771	2026-09-23 19:42:44	81646b720afae1baf479c17f3cfc4a7e7797133af493e4a896fd97f73dc6a23d
1	bin/0521_found_candidates.py	166	6018	2026-09-23 19:42:44	f1b6580c264b5d274b1f2fecd68e5fe2bd791e62afa85521cc1510385db52ebe
1	bin/0524_requirements.py	251	8239	2026-09-23 19:42:44	23397d9fc9dcd7cf250350523d2f10c5fb9d7c340f1e09e0c3e8a3ea15edd274
3	bin/0525_resolver.py	332	13437	2026-09-23 19:42:44	c10f781e47a9fbb91610701cf8d6cc2619b3784ce0100b71781c72295cd9a1ea
2	bin/0527_wheel.py	759	28614	2026-09-23 19:42:44	b953db283fd1a9029d54e3f59744cffca96236e4161a6b4f2c7ea768f00ef537
1	bin/0529__compat.py	87	2804	2026-09-23 19:42:44	b27795878ffa5b14192b8963765df2955b8ffaad2db52a9b825f665add079ce8
1	bin/0531__envs.py	143	5333	2026-09-23 19:42:44	1f7a952d7561e0b5afacfbeefde9177f775f6edc2796134940fda9c57a5c71f5
1	bin/0533_chunk_and_seed.py	58	2378	2026-09-23 19:42:44	8ea8a8c68dff992b4fa7f7904782f60ef640cb278b7770f01f03e1749aa9c879
1	bin/0534_feed_oracle.py	49	2100	2026-09-23 19:42:44	b06c31a8702d7c0a45dedeaf48b89871f3e1ee6481f0fe8b6941ed9c3c12049a
1	bin/0535_generate_system_map.py	28	1192	2026-09-23 19:42:44	094250065825c232d1d5d465be5fea0486b18f6a21424f9aa58794f797f1e9e6
1	bin/0546_test-auxiliary.py	325	10985	2026-09-23 19:42:44	85d7816047522d99a3f90ebd2dd04a47d80866c6b385ea91d8a9e3164ee3b36d
1	bin/0547_test-cache-finalize.py	34	1368	2026-09-23 19:42:44	fd8ac1cadee76a5badbe0c8cdd7006d13c63072d79b4204305df3655b997c9ca
1	bin/0548_test-diskann.py	1331	46545	2026-09-23 19:42:44	d6672c804186e45b4f92c51884064815d5d7e56f58a0ac5197e6dd71d54aea99
1	bin/0550_test-insert-delete.py	653	21715	2026-09-23 19:42:44	85cbec1739f67ed2f7525a9873c67c9518d72cf95d00b248b86f510d54bcb566
1	bin/0556_test-legacy-compat.py	138	4675	2026-09-23 19:42:44	9bd6b6ab07febd7416e1a9c460231b693799988f3cc96b38fbf949ef3654b121
1	bin/0557_test-loadable.py	2292	76092	2026-09-23 19:42:44	7e4f8d2c72ed328ae1468b93f17db6f4cc818ab117b6f4e7a474617f8d6343e1
1	bin/0560_test-rename.py	235	7186	2026-09-23 19:42:44	015249f6fc8be43592ae690e6d9f681644320ea8be8bebba1e1a002084e6d4df
2	bin/0561_test-rescore-mutations.py	571	18617	2026-09-23 19:42:44	ff37c635e8a05eae75247ee6b28ea4653c1de40d0feb5d728fad5ebf8e08c15e
4	bin/0562_test-rescore.py	727	23646	2026-09-23 19:42:44	14c331b483e035f5f5b1a4c04e40206580999f2f8e7ae7a814e0dd26abd1a0bf
5	bin/0585_pr-preflight.py	174	5079	2026-09-23 19:42:44	f6531190f5754a0e7ab409e758ea866ded84494bc895bb2c3408e9fb85889ebd
3	bin/0586_axiom_cli.py	331	11366	2026-09-23 19:42:44	37a668a9cec431c09cd7eeffb658560e534cb12f8d66a71a79a2874b3d68d7fb
9	bin/0588_canon.py	425	15652	2026-09-23 19:42:44	07876cc31ad2991951ffaf4ab710e15b301fe182b23e4b245530295ed526a3e9
7	bin/0595_nomen_core.py	630	21948	2026-09-23 19:42:44	f81055587c517bde5f9820ca630e3f2debbb7005cad52df7d460ff18182d1582
2	bin/0596_thermo_ledger.py	367	13518	2026-09-23 19:42:44	d1c530d0277b673ee8fc36d96c40f6c85fe2dcc4dabe7d19e3080bfe14567ecb
3	bin/0605_synergetics_engine.py	675	25550	2026-09-23 19:42:44	30a42a3b648e0845e0f0a3117256bdfb4af2c298010226bf67289c714e9246ab
6	bin/0609_esptool.py	5651	278361	2026-09-23 19:42:44	a0126f89209caf72098491e3dc714b7080c638b9fd18e78114b73592dcee60f2
1	bin/0610_gen_esp32part.py	595	22530	2026-09-23 19:42:44	65638375cf755684e681179fe00743cc4a80a04213e2ca16ad1caf32a54277a1
1	bin/0611_spiffsgen.py	593	23766	2026-09-23 19:42:44	f70618aa50978de8115c2308c905c230bf80a17987b38806e0942f361a31bcf3
3	bin/0613_LXMF.py	249	10710	2026-09-23 19:42:44	23b280e47f0690d27dfe469c3117f9928363716260dc85c9266f5d91146b8e90
1	bin/0615_LXMRouter.py	2899	162518	2026-09-23 19:42:44	9439444641247cd5da8cc4b5c980a40a2584ad82b2cc0666daa5280f1632dacd
2	bin/0616_LXMessage.py	841	36210	2026-09-23 19:42:44	9a035d03d36e80b615edfb1dbdc44abbbccd672f4a05b0802ad4b98366278e96
1	bin/0622_lxmd.py	1253	55881	2026-09-23 19:42:44	8aa3696376baae4a4d9135fcdab3f81f92203275516b60c3ac1b269529851ef2
1	bin/0623_openroot-classifier.py	516	15887	2026-09-23 19:42:44	150bfec1c3d364a0b09c52aac399489efaf57a6af4021cd1464c57f8feef87ea
1	bin/0626_kernel_translator.py	106	3876	2026-09-23 19:42:44	e30630c1026b251429abf69c593a2729a6e0679f0636c1cfa05151e4d5012772
14	bin/0628_fractak_swarm_engine.py	458	14872	2026-09-23 19:42:44	6def360b36214072f626b502bdf8e76998e16905bf7e1f6eb1fed07c9ca40e12
2	bin/0632_conf.py	376	10839	2026-09-23 19:42:44	9b13acb75568facffb69e7423a4d176a141300c516c10692f28fb4a1b0287cd8
2	bin/0635_platformio-clusterfuzzlite-pre.py	52	1758	2026-09-23 19:42:44	34af311e35e01a377d16efeddf85c3d6d5d4609d603a8a1c912700f7b600f3bf
1	bin/0636_router_fuzzer_seed_corpus.py	168	5131	2026-09-23 19:42:44	f1410525b75a6a1ac4505bc81e6337fb8ddcaa800755c32c066f3b56308cc49e
1	bin/0637_disable_adafruit_usb.py	27	1051	2026-09-23 19:42:44	ac256f8c537d1b9d32c0d69360ee8228be1d2ef831308c0101ab982b14de9f7d
1	bin/0643_nrf54l15_linker.py	140	5787	2026-09-23 19:42:44	3f1f9d04ffbb63af76a89cf7a84d14cb5784fe2d0ca1f0ca97e2bd8a1b288926
4	bin/0647__pssunos.py	727	25486	2026-09-23 19:42:44	8e17c0d012a72742e349cf7a04cfd87b90adb0eeab09cb3994a627c13c4db534
4	bin/0649_test_linux.py	2311	95287	2026-09-23 19:42:44	4791f1c8b32e829bb1c9743161f40797d67e3cffc0834292488d01017fbf4e99
4	bin/0652_test_windows.py	898	35167	2026-09-23 19:42:44	a4eae32bec23a1d89430219b8cc0ed4e99e8c6a818e36343d4b1cc121a4ba4d3
1	bin/0671_build_spec_v1.py	84	3316	2026-09-23 19:42:44	e65ca5dba84198eb40f42594de06325c19a469c9bd4dfe7315d07a048ae456ca
6	bin/0674_generate_thesis.py	247	9346	2026-09-23 19:42:44	0f71b1ef50239e664cace9db6dfd014bb00b702e3175c5c3208cc0e4d74c5c18
1	bin/0675_makefile_gen.py	25	490	2026-09-23 19:42:44	cde8d338efd5f2f4c1285e9f7e5a1abfcb4297c909bd7e3625d712f164ae81dc
4	bin/0676_phi_spiral_v9.py	198	8164	2026-09-23 19:42:44	297592fc3835ee0350eaf860df6384af88f3a0419c3931b7b621cfae35ed4aec
2	bin/0682__compat.py	450	15025	2026-09-23 19:42:44	c629d2d5b8967dc152b4266a862b9cfeccf51d564d2d25232152f49437d06ba1
1	bin/0683__psbsd.py	927	31769	2026-09-23 19:42:44	a6cea19d7b0cc0e7894e6a02aef11afa8159c45591034ffbb65e3bb11f974870
1	bin/0684__pslinux.py	2265	86914	2026-09-28 15:04:22	f96b1841286f01cbdbdc06fe610f8e6a90a6bfaac7d25d6d7f92e1cff1a7faa0
2	bin/0689_test_process.py	1616	63086	2026-09-23 19:42:44	b8820afbd3be85b1fcb4ad9bafdcdc89285f84ec3869a51b6ee6e8cd27916fd5
2	bin/0699_winmake.py	625	17622	2026-09-23 19:42:44	b7108ec445d8872cea5809b4ea61714705a759a82bdd87a3e2b6ee5c762b95f6
1	bin/0705_earth_loop_v8.py	145	6035	2026-09-23 19:42:44	166c39799f369285925ecbef2b7c26261ac7b3a812410ec1a0b0e4142812c5c6
2	bin/0713__pswindows.py	1120	37425	2026-09-23 19:42:44	bda85e6d37e7bb72908b0b53b17ab304cbd17d0ae39e57ef831161ed795eb2cd
4	bin/0715_test_misc.py	954	34650	2026-09-23 19:42:44	617e3daca401ebd4ae049e44c5958e2ff48409438d48632762c7eddd8dd636ee
1	bin/0720_check_broken_links.py	261	8017	2026-09-23 19:42:44	fa84426d93071ec0d415dbe8d4239701cab4dac71808f15838e2786d11e189d5
1	bin/0723_download_wheels_appveyor.py	115	3521	2026-09-23 19:42:44	77a66b645e3d39394bf44f2cec47e22c8bc10ce142fe541fbde158368712b665
2	bin/0755_emergency_rescue.py	53	1866	2026-09-23 19:42:45	92a39299b27e3e99605c67c31b5cb794a340ae70da9bc112a23a43d66657978b
3	bin/0758_fix_errors.py	33	956	2026-09-23 19:42:45	e1721a99ff842fd553411551e617e0f8c8615bd8cfebe508958e2ab85aaf7471
1	bin/0765_rmh_labyrinth_model.py	158	5929	2026-09-23 19:42:45	62cc5ec444f68c1ad03f9a5649c33d61805f31cd976e1263fd2e8d31917ad729
3	bin/0769_derive_constants.py	44	1747	2026-09-23 19:42:45	f12c6d5f7cc8d80f4eb4b22dd22204ef7357653772250c40b006fa060dadfe4f
2	bin/0771_import_euclid.py	24	852	2026-09-23 19:42:45	be9aa3dc2d1ef36de38c9d6648a99e2e393bd5cde8f3a35d5739617c76edb73d
9	bin/0773_proof_builder.py	73	2609	2026-09-23 19:42:45	9d048c003806c6529468385fbd67222c66131c816dd73fa5ca1220bb95c90db1
6	bin/0774_reorganize_postulates.py	55	1820	2026-09-23 19:42:45	f8d4ecbdfa14b8bc976186d72de1e28a2c0a463de528250224ada5c9ef1fa518
10	bin/0775_sacred_language_theorem.py	105	4369	2026-09-23 19:42:45	51cb379a1942918918342af3caab67608785910d57dbb059e3de67fe2f2a89f4
6	bin/0776_sacred_merkle_system.py	179	6508	2026-09-23 19:42:45	38cb53a56a88adc3e42b9efd760e7dabd62166eba073a64cea620e9aa0ef772b
7	bin/0777_seven_symbols_recovery.py	128	5662	2026-09-23 19:42:45	8cf830c34798d41a013af43ec2fdec1d470effb0d9e8d0709a75dd9caeca67a1
24	bin/0778_theorem_generator.py	72	3217	2026-09-23 19:42:45	897de37a8acee6ac9acc20b329ff5d1884cb70347ff947be9c7340d6bd5353c0
29	bin/0779_theorem_generator_batch2.py	76	3591	2026-09-23 19:42:45	2d92c102dd1f51977149f1d2fb2b9dfab3d225eeec05cdebb57ba87744c61c10
37	bin/0780_theorem_generator_batch3.py	86	4072	2026-09-23 19:42:45	68a4c288ce9d0c2cef4437b098674b2a0fba4a089e38b7f3cb41700d52e7dd3b
52	bin/0781_theorem_generator_batch4.py	106	5620	2026-09-23 19:42:45	d85fe70db8bac08608485d30e367e4f8b4a68acc99f760a9234f313e3c4cfa35
68	bin/0782_theorem_generator_batch5.py	104	6568	2026-09-23 19:42:45	67066a546000a59b9dddb0f3340d5104406eef77835df731787bc51970f35dd7
4	bin/0798_agape_oracle.py	139	5775	2026-09-23 19:42:45	d7c20749fcdc997da08df47b423cb18023ab742d23152d8b842138436c865f0b
1	bin/0807_Identify.py	312	9974	2026-09-23 19:42:45	35b02a53e1b2b3e7f6aa59b0b6ed354ebc2b9349de791e001b43894542d1d70f
3	bin/0814_Buffer.py	371	13780	2026-09-23 19:42:45	9474457d8b4a6d8f29d253d1ce91b01d991957c1d0c31ab2092d34ecf1cecff0
2	bin/0815_Channel.py	606	25151	2026-09-23 19:42:45	3b61230665fcb682b40fb004dc970a0a79dc4fd9c47fadb79ccef163a7723f64
3	bin/0817_Packet.py	576	25076	2026-09-23 19:42:45	ea6741a67cccbdf0a85a8eb42408ac5fe056deb10a533e3db25de4abb3111f1a
1	bin/0818_Resolver.py	33	1637	2026-09-23 19:42:45	4c72ece9e6a885972c72ec7e4e0caa7cc810915d4dcac872993b17f6d1cc0436
14	bin/0819_Resource.py	1367	63568	2026-09-23 19:42:45	3c555332fdd24b248ed4d128d1051142b708286b0ff1d82e18cbf7bfe3f27828
12	bin/0820_Reticulum.py	1997	98048	2026-09-23 19:42:45	01dd5b79c0544cd645c0c4005c74ca6ff7ea431df2d358ec612e7062dd994520
13	bin/0821_Transport.py	3706	226639	2026-09-23 19:42:45	24483b3e63769d02770f6df8f4888e510519df3ad4208e9dae0053841b89bdea
1	bin/0822___init__.py	559	21217	2026-09-23 19:42:45	16453a86167bbc88cf1e5a76043292c8953e96b5fefd3adfea96d4bce96f66ab
3	bin/0824_clean_md.py	132	3771	2026-09-23 19:42:45	7c3821465403050063a9e375f2ae5eb4b8d1a49832e83e058f6292131f2b4f1c
2	bin/0826_channel.py	549	18615	2026-09-23 19:42:45	f9216914c8bff309582f209bf0f0d85e2a78829d714a9b7d6e633f899b7db798
2	bin/0829_link.py	982	37873	2026-09-23 19:42:45	7fef252436d190923b5cc9b49a9a0c2971a190e502955cf8908bcc8df9bfd0b9
1	bin/0831_AES.py	111	4817	2026-09-23 19:42:45	fca313646cbee51979afe530d2151df1652c6599eb9fea236064581a9edc34f5
1	bin/0832_Ed25519.py	70	2504	2026-09-23 19:42:45	415cdc751bb7e9d4e0808f8e6cffd504bce18ec14d1342e342b0cd0d21e0b462
1	bin/0833_HKDF.py	62	2415	2026-09-23 19:42:45	831128b5e623333d5ed3f99afcd213a96c29ec16e34abc89075747bb231c70b5
2	bin/0834_HMAC.py	182	6885	2026-09-23 19:42:45	5737c3cff95a960e3b23cbf11f08626d11241bff1c6a21993fb0ab8efc4c1a50
1	bin/0835_Hashes.py	70	2743	2026-09-23 19:42:45	2224cfb2c2fcf8878c1ada746ae863076e8bef4ae9e3a8fa7af59efc7c61da78
1	bin/0836_PKCS7.py	47	1984	2026-09-23 19:42:45	8c2f200fe08566f7cf1adf078cd8c03726622fac55b677c081f3e7c0e735472f
1	bin/0837_Provider.py	68	2408	2026-09-23 19:42:45	c0a89d15e63873f2786f48bc12ab984332f14bbf4f1dba51fea977d0c7c353e7
1	bin/0838_Proxies.py	119	4174	2026-09-23 19:42:45	790544298f8784cf6e13ea55c44a01c12f658f15899ffade6ab3ccf0092482c4
1	bin/0841_Token.py	114	4481	2026-09-23 19:42:45	ee9e1039b526819d6fef9ad3ec2530acba3883838647376f548381cac8f2184e
1	bin/0843___init__.py	55	2666	2026-09-23 19:42:45	734616536bd408636918fa700386ef4c375354883b7f9a47d166804e13397b54
1	bin/0844_AX25KISSInterface.py	400	15867	2026-09-23 19:42:45	08b473caaf0b9d1542d028e8b3046b4efa55a8566fcd2ea1afff02b23f9d676a
6	bin/0845_AutoInterface.py	687	35853	2026-09-23 19:42:45	8eeb6a8ca085988d70cb6033ef8ccc83927de0c6569c1d6edd5f3ed8e715841f
6	bin/0846_BackboneInterface.py	872	43909	2026-09-23 19:42:45	4e569d4ffbab05ac6e58b551a8ed000a6e3de903175748caf7ee7c816ed29625
11	bin/0847_I2PInterface.py	897	42149	2026-09-23 19:42:45	5eeb0cb2caa2c3a52a28c6848d98e7f53d74928f9cae1585a5efcd9a510c2a24
1	bin/0848_Interface.py	375	16029	2026-09-23 19:42:45	06221e498fdf07aaaff205b3964931b793dc2e499f40bbd6e90eb5efb4786ffb
1	bin/0849_KISSInterface.py	387	15458	2026-09-23 19:42:45	d962ee5adc701ea9b7881a29a4bfafe3742458401faa6d7bea3e469353b8043d
1	bin/0850_LocalInterface.py	505	20889	2026-09-23 19:42:45	a153b91a33bad236b31840e279e578a7dafd7c773f11ac7b2e6a44a952c6a9d7
1	bin/0851_PipeInterface.py	205	7357	2026-09-23 19:42:45	ed13482cdb51059ab8d11e6a6a9387eb93eaedeb62eded2ca873f6152689d153
1	bin/0852_RNodeInterface.py	1558	70759	2026-09-23 19:42:45	4b35df485448909f5a2fcfa51bda0a4f4cfdb3711eb4b60b4bfb48b911fcbef1
2	bin/0853_RNodeMultiInterface.py	1153	55442	2026-09-23 19:42:45	66c7a710e5ce55fb75cbdb4434d69b52660d122cb436967186335680b0b9cc8f
1	bin/0854_SerialInterface.py	227	8371	2026-09-23 19:42:45	a21b551e30b6a0395128be3a0e7b02633e4ded0f8922e56afeee65b3c1ff43fb
6	bin/0855_TCPInterface.py	695	29928	2026-09-23 19:42:45	eacfb7fde3a4f028f1f7df81dd902ccf8f7b37182f617a0a0a934ba4495dfa74
1	bin/0856_UDPInterface.py	140	5255	2026-09-23 19:42:45	a60397cc731de0e7d7392aa3dbbddd301214872a5dd3a27f788219b1a1266be4
6	bin/0857_WeaveInterface.py	1083	48496	2026-09-23 19:42:45	1798cf2bef6e16ee4e4123883b8ec244fb696782b7f662d86558d48f48392ea8
1	bin/0858___init__.py	39	2008	2026-09-23 19:42:45	b23a844b965a9f2c0348561f92ace63b6d85e59f371ac58f39db993e3a556d71
1	bin/0859___init__.py	36	1905	2026-09-23 19:42:45	2a37ea6da897f940041786fbff39d5a83f4de633111778f77fd79d3e03e7fb92
1	bin/0860_rncp.py	907	35869	2026-09-23 19:42:45	723887b15dd321920b6130c2c063174fb22ce85485b6726c38dfcdbfd3e146d2
10	bin/0861_rnid.py	1079	54424	2026-09-23 19:42:45	af67f421cbe5ef6ca8ef96d517ec8127507758cd1b191f89c098d4a2ba88fc57
1	bin/0862_rnir.py	79	3129	2026-09-23 19:42:45	5ceb68f1e0217d10b6ed2233be73ea3ad52909b16cc3b1ce1246419be7118e26
17	bin/0863_rnodeconf.py	4528	286864	2026-09-23 19:42:45	792137895542e0e81e117d73116f62a04b2bf4ef72d2ee8367c00a8151707562
1	bin/0864_rnpath.py	548	27077	2026-09-23 19:42:45	94929f71001e219ebf11414a19bfa352fb00211389ef7b266f8ee6a8d02d3f4e
1	bin/0865_rnpkg.py	78	3186	2026-09-23 19:42:45	43be8ba69a68568e8e9cd471479264af27e1922ee6fce77b050c34e37e4477a5
1	bin/0866_rnprobe.py	251	9771	2026-09-23 19:42:45	ac3e3dc2815f46dd9251a4f5f6bbeb1afe15ed073b7623a10c9b18f5f3317113
1	bin/0867_rnsd.py	611	19810	2026-09-23 19:42:45	d67ea8c919e9e0c6a5bc90f69be4e8fc011bd749655bb7f6482177b885522548
1	bin/0868_rnstatus.py	781	41288	2026-09-23 19:42:45	91ad2fe50958c5219cef04af63075faf3400c3a6cac162724bb84b41ab55d9a3
1	bin/0869_rnx.py	740	27972	2026-09-23 19:42:45	cb63bcefb7a2074fb0333c276310fa57d78c26e5ce530c1df1730d2da045f59e
6	bin/0871_configobj.py	2473	89025	2026-09-23 19:42:45	f111d495ebd31ab80e21b4e0da82a0121dab342b01a23166c33546490765ba4a
1	bin/0872_platformutils.py	76	2819	2026-09-23 19:42:45	8f91f4270e0811a75d1e80b76349da26f89c12c3c5ef33a365681bd9b3f87e62
4	bin/0874_validate.py	537	17495	2026-09-23 19:42:45	6f62df0925e0c77bbb3cb987978ece57ab246a4d53d645616f5bf4a1253b4a2d
1	bin/0883___init__.py	38	1923	2026-09-23 19:42:45	fe657eed076ca3657fc2fcb9a235084eaa36b9621113b2ea0136d9a05cc453af
3	bin/0884_client.py	714	30469	2026-09-23 19:42:45	f5e2e54a7451f7739271e819202cb1296142accb81c5a8d6d66d080f44c54aca
1	bin/0885_commitsigs.py	323	12890	2026-09-23 19:42:45	1bc66ab979384a89f37605634b494825569e41eba11d3ad1c7ea5d9e9a5f2477
1	bin/0886_highlight.py	411	16892	2026-09-23 19:42:45	1421f139c002ed0fb1f92d00c48308509356c82dc5967599d904ac882f82eafd
1	bin/0887_main.py	39	1898	2026-09-23 19:42:45	9713f76c42cef2c0104619fce3862d707c93691f81e2aaf14f0a62238cf63a08
1	bin/0888_pages.py	2798	137236	2026-09-23 19:42:45	374d4b6a970fcb29e5357bb83a8ba6256c7e4945483a27b8117c3b8de526facb
10	bin/0889_server.py	5029	265366	2026-09-23 19:42:45	1df48b1d58d69bc99bb3a24a0360288de1a6c7d6574e166b5364350db8502980
1	bin/0890_util.py	816	30799	2026-09-23 19:42:45	089cf338614143d48bffa875b9acb3aedea15c02c70a0755851cc95ece6c0373
2	bin/0891___init__.py	47	2307	2026-09-23 19:42:45	6a1da02ee62cc39ab31b357468ca515b310f213186f0a033fdec9ad886ba9c1c
2	bin/0893_args.py	94	5939	2026-09-23 19:42:45	95bb35883e97e205ea0bf5a2fe98769097bea60896384c5c61bd03e1a93c52f0
2	bin/0894_exception.py	58	2569	2026-09-23 19:42:45	c282a8a1367cce54394f1b36af4eafdda26987c24acd42e12f66059831c11227
2	bin/0895_helpers.py	58	2579	2026-09-23 19:42:45	affc573545c1088f2b8565feb8d3754f24dbc461730e792c15183938a1a86963
2	bin/0896_initiator.py	455	20863	2026-09-23 19:42:45	56b7324e0f34a0f25e6deada8ff002f1c186bbbd73c7b5f4651497fd9b99fa7c
2	bin/0897_listener.py	233	10205	2026-09-23 19:42:45	e9bc961b83f4eb73759fa2edf9008c552f638811cb8ccbf0c0fa86c1057669e7
2	bin/0898_loop.py	45	2417	2026-09-23 19:42:45	5773626def2015feb42da16bace48a3d22ca1fb56104c86f11ba951cacead85c
5	bin/0899_process.py	769	27799	2026-09-23 19:42:45	f30dd353d3fa400bc2db06ab48ef545a610eee6cf055c0726bf63b609dd298b3
2	bin/0900_protocol.py	148	5701	2026-09-23 19:42:45	b13a8e6c23a5e887db81cd8203fd155d16d29883f325c35afceeba6014ebddb4
2	bin/0901_retry.py	195	8107	2026-09-23 19:42:45	fdbe578b9ff7e0440ed7b6f2607c27a7cc1483e8a92546610301321b9f440d99
2	bin/0902_rnsh.py	189	7848	2026-09-23 19:42:45	d0face7b1739dba97bb1457d85e5651df5d54984c95eaa7515d6f63b2c3336ee
3	bin/0903_session.py	444	19885	2026-09-23 19:42:45	3c40154b25843df7e746bde9fd1e947d2188bfe997d9f9a6277b3374e8e84013
1	bin/0904_KISSInterface.py	438	18270	2026-09-23 19:42:45	5a79738b07674df0627b4dd5f96ba77fdc3261df3764ba5b5098cc3474b6e739
1	bin/0905_RNodeInterface.py	2001	91393	2026-09-23 19:42:45	cc5a600287831e81a671a0f536f60a091ce6b29e694ec65f39755ca93420ad6a
1	bin/0906_SerialInterface.py	280	11284	2026-09-23 19:42:45	17f0e62ec2cc65bf9a9671f66ea6cc4176fafc47ba318c58fa75cd5947c53eb9
5	bin/0908_netinfo.py	324	13224	2026-09-23 19:42:45	a744ae50514a28411135f9644f31813baca1135d6bd11fdfa5f025c813d26d99
1	bin/0913_basic.py	368	13056	2026-09-23 19:42:45	5576ced3fe7b8df718f08b2144b6c6e6ec9fa6163e06c45b31c9b7599ec7d01d
2	bin/0916_emergency_rescue.py	27	918	2026-09-23 19:42:45	fde5cc1570899cb2799ac66a85a14547a90153836b5d697750df955adc88fe84
2	bin/0917_emergency_rescue.py	49	1435	2026-09-23 19:42:45	db545949332f2d1922df07fb0d6a3210208ade407f5b603f2d533f46297d7819
2	bin/0918_compost.py	366	13061	2026-09-23 19:42:45	8e859f85007d1863b0d4a6907cf348cbca74bc7fee8a11a4e0d6d34825178ab8
1	bin/0934_unicode.py	516	20020	2026-09-23 19:42:45	e16c4a685517194a126db981a6745977e9f78768ddd5c08be2629746e2bac7d6
1	bin/0935_libc-util.py	1112	37307	2026-09-23 19:42:45	a99fdefe6354c28c52eeac9c1e851041b69dad25b8a3b521d4f57b761517c798
1	bin/0936_unicode.py	2250	81780	2026-09-23 19:42:45	c0d9718de758d5729cef3def36cf9fa2c853b53cffd28fc2471ae694db04ba77
3	bin/0940_server.py	120	4596	2026-09-23 19:42:45	1bb9c7b1feb77d10149a929f87baa03f5f2d6e4f4b771a1c4298ef076226225a
3	bin/0942_convert-h5-to-ggml.py	218	7891	2026-09-23 19:42:45	9cc282dfcd9a24da03ffa1b4123b5508ee935e19e369c33520b1a73f89440094
6	bin/0944_convert-pt-to-ggml.py	342	10613	2026-09-23 19:42:45	e874333f95c52725c23541b39e71594e01442a2a687c96e2e882493c45b887a2
3	bin/0945_convert-silero-vad-to-ggml.py	196	7231	2026-09-23 19:42:45	7e4cf0ee6988f835bb0255a5b0e9509b4b4e04cbc8c13e8da69b034bc28d1aa2
1	bin/0946_convert-whisper-to-coreml.py	333	13078	2026-09-23 19:42:45	35d1d54f84f43e9ee7cf80ac5fe04cf9c4913f2ce75d2436faccb1e843b4f279
14	bin/0961___init__.py	2426	87655	2026-09-23 19:42:45	f0818a8edcf2bb18bfdf46daee06961c7149045225b01cac0ca13deda194d3d8
9	bin/0962___init__.py	1826	59238	2026-09-23 19:42:45	cee5cfb7bbccaf8ee1676ae772c0881a65684be25114e84de08341851ce2a1a6
103	bin/0963_typing_extensions.py	4422	165012	2026-09-23 19:42:45	4040ca1a1ecbee00d1385c12a93084d1c5bd46f0b774f07e5ae7e91c4f55e696
1	bin/0968__abnf.py	132	4815	2026-09-23 19:42:45	c9b8b1af4c6cba99e403a18503232e6ee5c5e9373595bfe117cf743600ac7cd7
2	bin/0969__connection.py	659	26863	2026-09-23 19:42:45	93d61155fea4a19a9bb6d056dfac5259a26959d6706bec50554f401c4a3d0ee2
1	bin/0971__headers.py	282	10412	2026-09-23 19:42:45	3fb0fe9413711f074b64f2e29a6630acf1bef59923125bef25925d6408123fee
8	bin/0972__readers.py	250	8590	2026-09-23 19:42:45	6b8472a4e454082dddd2afe4c4fb8120cee34c3f222ede57f754c7d05b1db8de
2	bin/0973__receivebuffer.py	153	5252	2026-09-23 19:42:45	c6bb29b1db0d81617145f41c4d7c51f11add8d15d74cad08a39710616a49d56b
1	bin/0975__util.py	135	4888	2026-09-23 19:42:45	2d69248d7c89685940cba2eddfdc3bdd44ad925153e68bdcbe8d13918ed162e9
3	bin/0980_distro.py	1403	49430	2026-09-23 19:42:45	5ea6de7da7008434f8cebfedae76c0d79798f2f74ae064e08609af506ac433fe
1	bin/0983_functools.py	400	11797	2026-09-23 19:42:45	4f8252f085eafb1d52d0b6e8da8c05f25f5fcdad8aca93b5e3b40b7b2cf8723b
10	bin/0986_pytest_plugin.py	375	13609	2026-09-23 19:42:45	a5a32923f54c3507f66e2af42dfbe03295d28982681c3cd674a5154f2a079af4
1	bin/0988_to_process.py	268	9809	2026-09-23 19:42:45	ebcaa12df71eecc797cac89de1f3a99a17d6920768ed9efef410b457251c8881
1	bin/0990___init__.py	432	13819	2026-09-23 19:42:45	4729cbb112941062342a2997c9d943d5f6447c4cd6c03a345289f7cce2a11b54
34	bin/0992_introspection.py	587	22534	2026-09-23 19:42:45	743e4077827a8407c5e9407304ee2ca92b35876c9b4154e1910a1f2d659504fd
4	bin/0993_typing_objects.py	607	17166	2026-09-23 19:42:45	91a8d5821f09ed467bc1389d571cc53298f04a71460680e84ea7d5000bce1d9f
14	bin/0995_core_schema.py	4461	155574	2026-09-23 19:42:45	d4f337d727ff906a66fc7ec62e734546420f01018f2fdce1eab7f64b1a215718
2	bin/0996___init__.py	141	3445	2026-09-23 19:42:45	f644ff92a0a10822544c7c30db866647f7b371d6e94585a4b03fa060dce464ff
5	bin/0999__models.py	516	17623	2026-09-23 19:42:45	20ed8271771da68bd170b4dd185181e91c8165d126da1fd33a6a02738ac42a1a
2	bin/1005__migration.py	316	12160	2026-09-23 19:42:45	545ef72d1094cf722b6f9c55b75de36f7340717567105e93d7e27438b7de6790
10	bin/1010_color.py	604	21481	2026-09-23 19:42:45	033a867d540717ddbf65cb4372e7b40cce324e9d8fead7a49304483535ab2c8a
5	bin/1011_config.py	1296	44536	2026-09-28 15:04:25	02088926c65cfbd9c50e2eb67c77d29267b1a943342507a5252633cbbeda7e4d
14	bin/1012_dataclasses.py	413	18963	2026-09-23 19:42:45	e17f567b48e3d4a2f006dbd84a40055cda27e3aceba4199164035fe0b7f06d78
1	bin/1017_errors.py	189	6013	2026-09-23 19:42:45	0eb1023c25a1498ad0f016b83bc84acc800cda2f460474d75802f36850e92dfe
18	bin/1018_fields.py	1892	82023	2026-09-23 19:42:45	6bc66125f23c143e934030fbf9c58c9b5657950bdad3031d4f6132e55bd57be3
13	bin/1020_functional_validators.py	889	31724	2026-09-23 19:42:45	ee9fb88ef3ffffd8d9caf71d5e289d7b9a406bf26533b7c9d41824a9b8f14963
14	bin/1023_json_schema.py	2911	125955	2026-09-23 19:42:45	75ade143dbd03cb1213ecac39d49628df4357ee0825621959d4cceac064b803b
29	bin/1024_main.py	1838	85334	2026-09-23 19:42:45	35b842cfe92ef300e060b40c062ef93afee1cb075cf0b7b0037a1434867c2554
3	bin/1025_mypy.py	1412	60971	2026-09-23 19:42:45	b189a666b2ff1afa1848b701b8f4510df49f81059e864cf0fd9bcd9300d8d8c1
6	bin/1031_type_adapter.py	801	36123	2026-09-23 19:42:45	4f4e60f1641ccc1b1553fdf945d2b1823222ed8ecb222a7aee9177348ed7e061
28	bin/1032_types.py	3310	105961	2026-09-23 19:42:45	7e961c1a702770ae108da166de366da98c31258cc1eeb2493df025f3d7a6cf24
2	bin/1037_version.py	113	3985	2026-09-23 19:42:45	4f9af38b00cfacc8df694d17fbee5f05d195be1f784339cd43b4230f82df8260
6	bin/1043__client.py	2019	65714	2026-09-23 19:42:45	c43f941baefe58c91e96d00039e1868fe719d91453026d7db1647194563bff8d
1	bin/1047__exceptions.py	379	8527	2026-09-23 19:42:45	6f15bb7f1ce054c01d3536f04f4567ab4e202435b5fe023f1858903ee3328cbd
1	bin/1056___init__.py	92	2606	2026-09-23 19:42:45	84117f49bdecc07c46f676076fed0485acb29ba02e7f6455fc197fcad0005e63
15	bin/1057__base_client.py	2131	73923	2026-09-23 19:42:45	3d35a5b1f44312785d890eb504f58fe11c0fac8764c890148203668c561af642
4	bin/1059__compat.py	226	6811	2026-09-23 19:42:45	ffd82e41fcd89cbdc336db9d5f95bb4f671d4ac931f3d0790057e13d00f13149
1	bin/1062__files.py	173	5516	2026-09-23 19:42:45	35397404ff83bda928a1ec027babaa44190eec95a4278a5c021ff63190cc1a20
24	bin/1063__models.py	952	34855	2026-09-23 19:42:45	25069c6a3ba112b956602a620daeecfe22b8ac756e6b7e8cf8491a189fcf9ab5
11	bin/1066__response.py	833	28913	2026-09-23 19:42:45	d6e5791cdff0ada42fd38e1e2844c5fc52e615dfbe894151b6dbf320c34c01f5
3	bin/1067__streaming.py	413	13467	2026-09-23 19:42:45	19104600819c8e2f4355a49e970b8271058b82c746d5879922c3d1d63b66a488
2	bin/1068__types.py	273	7700	2026-09-23 19:42:45	17e127a6cb9f8ccbfaa0bd3d78003cb3889a4f90e1fdfaa254316039ed2bc1d5
1	bin/1070___init__.py	64	2313	2026-09-23 19:42:45	9d0abe8856b96314da5b249a2e281ab5ec39ac781347433be453589b89ab3b5b
4	bin/1071__compat.py	41	1104	2026-09-23 19:42:45	a111b2b451d944bd245b5ac43859e177f30e1d10cd710ee5f21ddc8130e269af
1	bin/1080__sync.py	58	1589	2026-09-23 19:42:45	1c19d9924067cf1b703997b4db5d82e04ca846fc614d5b53acb143cf6ff15428
5	bin/1081__transform.py	457	15951	2026-09-23 19:42:45	3630b39a77ea62bb008a450742283a37d41fb9355b2a2a6e3f7babf6670d17e1
11	bin/1082__typing.py	156	4786	2026-09-23 19:42:45	37fe4f3ee14db1aca06ed03f9e965df7c4953752d042f15328be9b9163c16465
1	bin/1116_chat_completion_chunk.py	224	6991	2026-09-23 19:42:45	f945d5fa5b01c287a99d9968e754bb156521236c8e17397d1b981693d4db9f8a
9	bin/1158__core_utils.py	174	6487	2026-09-23 19:42:45	d63aeee156c9d31eb747a76d55cb8e23e74a4130bf77f9529c9584050cc63444
9	bin/1159__dataclasses.py	315	13188	2026-09-23 19:42:45	660a9c9b559a24b0704d0402e6618a368c23953817de67d7fc9e5edaf776e253
2	bin/1160__decorators.py	873	33620	2026-09-23 19:42:45	443106fc96aee4d88971f3b4c60753ec43a0b14d4b816218957ef0379ad8b55b
23	bin/1164__fields.py	729	31557	2026-09-23 19:42:45	85779bfb3a1d1b04c3bc6f4e2b5ba6d7c3fae1bedca876f418e9e03f88eb81c6
90	bin/1166__generate_schema.py	2934	136348	2026-09-23 19:42:45	3e3a2051ac085e67fc2ee2cd7bdb1e26987b58b5b8309efe181b17c02b100bd4
46	bin/1167__generics.py	530	23393	2026-09-23 19:42:45	0978dc22796f722f157a36969f57f7f64bf401c7c92f4479db7a912c56550feb
1	bin/1171__known_annotated_metadata.py	403	16805	2026-09-23 19:42:45	3f29d020543ad7fff819caf39f40f910d96583b8cfabf731a0b4e6b8540163cf
12	bin/1173__model_construction.py	868	38928	2026-09-23 19:42:45	2682a663826b0c1bb79c6fed088ac982d249135baaeafdbd4ef4f3e449471398
1	bin/1174__namespace_utils.py	293	12878	2026-09-23 19:42:45	865dfe4d102bf365368d3c8f3f7b7e42ab2f28b8abc6d90b7cd7eb37e7e9d31f
5	bin/1175__repr.py	124	5172	2026-09-23 19:42:45	8d07e726ec83c50a5244d846dbd208f4f5fc7b836fdaa599ac4c3696a8a1dd41
4	bin/1178__serializers.py	53	1491	2026-09-23 19:42:45	6085af4a6011e5f9db19258239076e5add72078650638d9e02bb9cf9e9eb6fa7
23	bin/1180__typing_extra.py	785	31574	2026-09-23 19:42:45	743c6a178ea5ceea82a0a2eb007fe4f791036dac8478a6f69478ee4c9e4e0686
7	bin/1183__validators.py	534	20563	2026-09-23 19:42:45	ec64e35d758530b89be1dc50f8779a8879406624760761bc6f2098306ae6438f
1	bin/1187_decorator.py	284	10845	2026-09-23 19:42:45	4c19ba6c9ef026c36287ff16ab92330dcc0fdf69bdfef7f1b3de9d7ac2ee934d
1	bin/1195___init__.py	193	7333	2026-09-23 19:42:45	6bb4f0dfae94e8ade496d08235963bea773db2cfbbb86190e344d769df4eca94
1	bin/1196__loader.py	58	2213	2026-09-23 19:42:45	8408e04a58e82211b1dc0569229baac3948fb6d04d35e181493aea48c9cd8899
1	bin/1197__schema_validator.py	143	5445	2026-09-23 19:42:45	e4ce487356d99e384d0f1b510d529b44f4d0ea9a3a42e28c63b320b8c907796d
2	bin/1199__hypothesis_plugin.py	391	14847	2026-09-23 19:42:45	e444b9c56bb0d45400b3298b7b3cbc4209d5cf466955f5378e4993ef81f6ed54
1	bin/1201_class_validators.py	361	14672	2026-09-23 19:42:45	50b39a21481850306c1cbec411511aadc33e52e6ca52082837c8526c3a27b051
10	bin/1202_color.py	494	16844	2026-09-23 19:42:45	8990012d8a7a395a28d801643fd229ae2ff049cebe2a496ef18ba149aaed7798
1	bin/1203_config.py	191	6532	2026-09-23 19:42:45	6ba3f459eafdc7871bc0a5bb5eff29a1252a33858ff912d6c17e9832962af400
3	bin/1204_dataclasses.py	500	18172	2026-09-23 19:42:45	efce1caaf2276f020f5abf6eb1fa57ddc87bcf8b77276b532ba374ebbff0935a
1	bin/1206_decorator.py	264	10339	2026-09-23 19:42:45	cda6b1c71a163c29bcd7c0f56ecd3285aa518d79b7d95f06d191d609d335b970
2	bin/1207_env_settings.py	350	14105	2026-09-23 19:42:45	03d557c2d465d36018fa31f40b4a2ecb954dc377e2e85fe9933b870e380000e3
1	bin/1209_errors.py	646	17726	2026-09-23 19:42:45	988c0f103e6f18ce50e6fe02e19d493e5753447fa89af132947ea4b0c84e98fc
37	bin/1210_fields.py	1253	50649	2026-09-23 19:42:45	56a5890ab894362132a6d5eba03549e74d49a550347a7d9500d724b2a5cbd9bf
23	bin/1211_generics.py	400	17829	2026-09-23 19:42:45	633c8a4d937ac79435446277590f6337ebb01c9c4bdd6e2aa19ab07195eac568
8	bin/1213_main.py	1130	45697	2026-09-23 19:42:45	bd10754dba64ccf3773f98a326573e72336e3be1dc88d3a90b86fc2b7cd99df7
2	bin/1214_mypy.py	949	38860	2026-09-23 19:42:45	0a5f1745f0a621c544de3e40114e760bc88387c95c5fffc3de1cf68c85b1300b
2	bin/1215_networks.py	747	22124	2026-09-23 19:42:45	1d836d2807ce98e9ca269b0383583a488923f563e153ffa2f25e5ed89281a46e
13	bin/1217_schema.py	1163	47801	2026-09-23 19:42:45	6aa06e03ef9cabc8005648a6e4124f140487cce67c745b66157fdf346afa8a9e
3	bin/1219_types.py	1205	35455	2026-09-23 19:42:45	07397e45c9e2b4f0479eac308fd8afec98c7b8dd46a67587db874a905de5f5ef
27	bin/1220_typing.py	627	20102	2026-09-23 19:42:45	a2fc2d2e911909b9e08596877d2349ba9cdeb731cd90b5e39ffeba9204e7215e
3	bin/1221_utils.py	807	26014	2026-09-23 19:42:45	d4fa8e225cfa3955b019db371c12a5c3812de9ab05a2ed1452902da3b8c5382b
14	bin/1225_connection.py	222	8449	2026-09-23 19:42:45	e8e70f5ea3047dcd01537f3ffa21d4343775bca4937365154f4f57a8d6ff04e9
14	bin/1226_connection_pool.py	420	17307	2026-09-23 19:42:45	0ce210dacd9909ff6a7f0c61ccca6b4cf2ea08bf0ec465e2285eaa447c6f5726
12	bin/1227_http11.py	379	13880	2026-09-23 19:42:45	faa33d6d5ecf8d2405e6fc6cdfbf9e5173881706c88cf7196cd962b97f53b41c
13	bin/1228_http2.py	592	23936	2026-09-23 19:42:45	6b35f57dc9ad5da2308e9bad165678bddf7627cc708c639af5ac7d408bf8dfde
32	bin/1229_http_proxy.py	367	14701	2026-09-23 19:42:45	db3564ae5bfe0ecfab5866aa69796b84426201014fa36dc14f71aafec5a80575
2	bin/1230_interfaces.py	137	4455	2026-09-23 19:42:45	8d389a58bf37a60a460bdce2bfdd197f068a34c987c2639a97368a8ae4f1013a
19	bin/1231_socks_proxy.py	341	13841	2026-09-23 19:42:45	94b2a02e58203df84596a8b438378190e5afb7d0a0841054caab27b14d6dc7a4
14	bin/1239_connection.py	222	8238	2026-09-23 19:42:45	f5ec4639bdcf07e329d93d7eb1c91278bdadfad27ff7e357a2657c8a19960a05
14	bin/1240_connection_pool.py	420	16955	2026-09-23 19:42:45	6be4fc2d3b14c5ceebd16c356ad7c7483a163e34347c0f1497b4b7f85d0c8fbd
12	bin/1241_http11.py	379	13476	2026-09-23 19:42:45	205a1b0f531de491652462969e1d7f4377a98a452bc88f2aa34f6ff0c8892040
13	bin/1242_http2.py	592	23400	2026-09-23 19:42:45	031538ca172aebc067e6fa9d258b625ca6148fb9ef8586f1cf7bf8ad3e319ef0
32	bin/1243_http_proxy.py	367	14463	2026-09-23 19:42:45	fda97fe9cacab8466edb0cafbb8f7745922625d0499e3e6818a3632ce24bd99a
2	bin/1244_interfaces.py	137	4344	2026-09-23 19:42:45	b275ce378daf5031cee49049be8f03e155a4d966ade38cf63975c70eb8db97de
19	bin/1245_socks_proxy.py	341	13614	2026-09-23 19:42:45	cde8195bd4a7aa3dbff7dd831496bcfc2a6939506454be0083076e4644ad6a44
