  2874	./context_bridge/a15_backup/termux_20260928_191232/data/data/com.termux/files/home/sha256.txt
  2874	./context_bridge/a15_backup/termux_20260928_190708/data/data/com.termux/files/home/sha256.txt
  1832	./context_bridge/grep_sweep_20260927_205916/model_config_refs.txt
  1742	./context_bridge/gov_promote_proofs_20260928_041935/parent_hash.txt
  1689	./context_bridge/gov_promote_proofs_20260928_041935/nest_hash.txt
  1212	./context_bridge/grep_sweep_20260927_205916/philosophy_in_code.txt
   718	./bin/0263__emoji_codes.py
   632	./context_bridge/concept_sweeps/20260928_004258/synergetics.txt
   425	./context_bridge/concept_sweeps/20260928_004258/synergetic.txt
   328	./context_bridge/doc_compile_termux_20260920_222842.md
   294	./context_bridge/concept_sweeps/20260928_004258/synergy.txt
   258	./context_bridge/concept_sweeps/20260928_004258/agape.txt
   253	./context_bridge/concept_sweeps/20260928_010158-corrected/cooperation.txt
   234	./context_bridge/concept_sweeps/20260928_004258/resonance.txt
   227	./context_bridge/grep_sweep_20260927_205916/rag_layer.txt
   204	./context_bridge/concept_sweeps/20260928_004258/emergent.txt
   187	./context_bridge/concept_sweeps/20260928_004258/46656.txt
   136	./context_bridge/grep_sweep_20260927_205916/digest_files.txt
   130	./context_bridge/concept_sweeps/20260928_004258/tidbit.txt
   129	./context_bridge/concept_sweeps/20260928_004258/swarm.txt
   126	./context_bridge/concept_sweeps/20260928_010158-corrected/philos.txt
   118	./context_bridge/grep_sweep_20260927_205916/gates_canaries.txt
   109	./bin/0186_idnadata.py
   102	./bin/0963_typing_extensions.py
    95	./context_bridge/kai_deep_harvest_20260928_024955/text/kai-settings.json
    90	./bin/1166__generate_schema.py
    76	./context_bridge/concept_sweeps/20260928_010158-corrected/coreatomic.txt
    68	./bin/0782_theorem_generator_batch5.py
    68	./bin/0189_uts46data.py
    58	./bin/1247__trio.py
    56	./context_bridge/concept_mining/20260928_011449/CONCEPT_DIGEST.clean.md
    52	./bin/0781_theorem_generator_batch4.py
    46	./bin/1167__generics.py
    38	./context_bridge/concept_sweeps/20260928_004258/hive.txt
    38	./bin/0609_esptool.py
    37	./bin/1210_fields.py
    37	./bin/0780_theorem_generator_batch3.py
    36	./context_bridge/concept_mining/distill_20260928_012029/CONCEPT_SOURCES.clean.md
    34	./bin/0992_introspection.py
    32	./bin/1243_http_proxy.py
    32	./bin/1229_http_proxy.py
    31	./context_bridge/concept_mining/distill_20260928_012029/read_20260928_012238/DIGEST_TOP5_20260928_012423.md
    31	./analysis/knowledge_probe_report_2026-09-18.md
    30	./bin/0471_session.py
    29	./context_bridge/report-git-push-delete-20260920_023056.md
    29	./bin/0779_theorem_generator_batch2.py
    28	./context_bridge/grep_sweep_20260927_205916/device_sync.txt
    28	./bin/1032_types.py
    28	./bin/1024_main.py
    27	./bin/1220_typing.py
    27	./bin/0829_link.py
    24	./context_bridge/concept_sweeps/20260928_010158-corrected/atomicfunction.txt
    24	./context_bridge/concept_sweeps/20260928_010158-corrected/0cost.txt
    24	./context_bridge/concept_mining/distill_20260928_012029/read_20260928_012238/04_knowledge_db.md
    24	./bin/1063__models.py
    24	./bin/0936_unicode.py
    24	./bin/0778_theorem_generator.py
    24	./analysis/frp7_20260920_002113/triage.json
    23	./bin/1211_generics.py
    23	./bin/1180__typing_extra.py
    23	./bin/1164__fields.py
    22	./context_bridge/grep_sweep_20260927_205916/energy_research.txt
    21	./bin/0345__macos.py
    19	./context_bridge/tree_snapshot_latest.txt
    19	./bin/1245_socks_proxy.py
    19	./bin/1231_socks_proxy.py
    19	./bin/0348__windows.py
    19	./bin/0089_agapenet_cosmos_engine.py
    18	./context_bridge/grep_sweep_20260927_205916/ledger_state.txt
    18	./context_bridge/concept_sweeps/20260928_010158-corrected/agapekb.txt
    18	./bin/resolve_pr58_v1.sh
    18	./bin/resolve_pr58_final.py
    18	./bin/1018_fields.py
    18	./bin/0863_rnodeconf.py
    18	./bin/0157_cache.py
    17	./bin/0570_bench.py
    17	./bin/0360_response.py
    17	./bin/0234_unistring.py
    16	./bin/merge_pr59_v1.sh
    16	./bin/master_salvage_v1.sh
    16	./bin/1057__base_client.py
    15	./context_bridge/grep_sweep_20260927_205737/router_orchestrator.txt
    15	./bin/tidbit_registry_v1.py
    15	./bin/1281___init__.py
    15	./bin/1239_connection.py
    15	./bin/1225_connection.py
    15	./bin/0467_auth.py
    14	./context_bridge/tree_optiplex_openroot.txt
    14	./bin/master_finalize_v3.sh
    14	./bin/1240_connection_pool.py
    14	./bin/1226_connection_pool.py
    14	./bin/1023_json_schema.py
    14	./bin/1012_dataclasses.py
    14	./bin/0995_core_schema.py
    14	./bin/0961___init__.py
    14	./bin/0819_Resource.py
    14	./bin/0536_bench.py
    13	./bin/sync_to_optiplex.sh
    13	./bin/reh1t_reconcile_v2.sh
    13	./bin/1246__asyncio.py
    13	./bin/1242_http2.py
    13	./bin/1228_http2.py
    13	./bin/1217_schema.py
    13	./bin/1020_functional_validators.py
    13	./bin/0821_Transport.py
    13	./bin/0291_console.py
    12	./bin/master_finalize_v2.sh
    12	./bin/fuse_router_lb_seal_v1.sh
    12	./bin/agape_vector_index.py
    12	./bin/1241_http11.py
    12	./bin/1227_http11.py
    12	./bin/1173__model_construction.py
    12	./bin/0820_Reticulum.py
    12	./bin/0574_bench_delete.py
    12	./bin/0344__api.py
    11	./tmp/queue_batch_v1.sh
    11	./docs/README.md
    11	./bin/merge_pr59_v3.sh
    11	./bin/merge_pr59_v2.sh
    11	./bin/master_finalize_v1.sh
    11	./bin/large_file_cleanup.py
    11	./bin/1331___init__.py
    11	./bin/1082__typing.py
    11	./bin/1066__response.py
    11	./bin/0945_convert-silero-vad-to-ggml.py
    11	./bin/0847_I2PInterface.py
    11	./bin/0769_derive_constants.py
    11	./bin/0212___init__.py
    11	./bin/0038_hive_swarm.py
    10	./context_bridge/concept_sweeps/20260928_010158-corrected/etymolog.txt
    10	./context_bridge/concept_sweeps/20260928_010158-corrected/caritas.txt
    10	./bin/frp5_deep_audit.sh
    10	./bin/cosmo_rack.py
    10	./bin/1202_color.py
    10	./bin/1010_color.py
    10	./bin/0986_pytest_plugin.py
    10	./bin/0889_server.py
    10	./bin/0861_rnid.py
    10	./bin/0557_test-loadable.py
    10	./bin/0252_sessions.py
     9	./bin/reh1t_pr53_make_right_v1.sh
     9	./bin/pr_intake.sh
     9	./bin/force_merge_push_v1.py
     9	./bin/1159__dataclasses.py
     9	./bin/1158__core_utils.py
     9	./bin/0962___init__.py
     9	./bin/0944_convert-pt-to-ggml.py
     9	./bin/0628_fractak_swarm_engine.py
     9	./bin/0381_fetch.py
     9	./bin/0048_snapshot_bootstrap.py
     9	./bin/0000_agape_one.py
     8	./workareas/fuse-20260921_025613/window_digest.json
     8	./context_bridge/concept_sweeps/20260928_010158-corrected/ahavah.txt
     8	./bin/mesh_publish_v2.sh
     8	./bin/key_setup_fuse_v2.sh
     8	./bin/1213_main.py
     8	./bin/0972__readers.py
     8	./bin/0674_generate_thesis.py
     8	./bin/0519_candidates.py
     8	./bin/0492_deprecation.py
     8	./bin/0354_connection.py
     8	./bin/0050_agape_farm_os.py
     8	./bin/0028_agape_neurogenic_kernel.py
     8	./analysis/frp9_20260920_011327/dedupe_plan.json
     7	./context_bridge/concept_sweeps/20260928_004258/combinato.txt
     7	./bin/zd_census.py
     7	./bin/repo_clean_v1.sh
     7	./bin/openroot_board_v1.sh
     7	./bin/1183__validators.py
     7	./bin/0857_WeaveInterface.py
     7	./bin/0400__spdx.py
     7	./bin/0330_table.py
     7	./bin/0246_cookies.py
     7	./bin/0093_deploy_openroot_kernel.py
     7	./bin/0012_newton_chain.py
     6	./bin/thermal_balance_v63.py
     6	./bin/session_seal_v2.py
     6	./bin/queue_sweep_v1.sh
     6	./bin/lb_commit_seal_v2.sh
     6	./bin/cascade_release_v2.sh
     6	./bin/1257__subprocesses.py
     6	./bin/1043__client.py
     6	./bin/1031_type_adapter.py
     6	./bin/0871_configobj.py
     6	./bin/0855_TCPInterface.py
     6	./bin/0846_BackboneInterface.py
     6	./bin/0845_AutoInterface.py
     6	./bin/0776_sacred_merkle_system.py
     6	./bin/0775_sacred_language_theorem.py
     6	./bin/0774_reorganize_postulates.py
     6	./bin/0773_proof_builder.py
     6	./bin/0676_phi_spiral_v9.py
     6	./bin/0548_test-diskann.py
     6	./bin/0513_git.py
     6	./bin/0482_req_install.py
     6	./bin/0394___init__.py
     6	./bin/0347__ssl_constants.py
     6	./bin/0329_syntax.py
     6	./bin/0208_specifiers.py
     6	./bin/0156_build_env.py
     6	./bin/0145_lockdown_provision.py
     6	./bin/0087_agape_synergetic_calculus.py
     5	./recovery_superlinear_v2026.09.24.sh
     5	./bin/openroot_knowledge_intake_v1.py
     5	./bin/goals_rebuild_v4.sh
     5	./bin/fix_planetary_math_v1.py
     5	./bin/build_openroot_knowledge_intake_v1.sh
     5	./bin/1175__repr.py
     5	./bin/1081__transform.py
     5	./bin/1011_config.py
     5	./bin/0999__models.py
     5	./bin/0908_netinfo.py
     5	./bin/0899_process.py
     5	./bin/0840_SHA512.py
     5	./bin/0828_identity.py
     5	./bin/0777_seven_symbols_recovery.py
     5	./bin/0585_pr-preflight.py
     5	./bin/0506_temp_dir.py
     5	./bin/0500_logging.py
     5	./bin/0459_link.py
     5	./bin/0355_connectionpool.py
     5	./bin/0304_layout.py
     5	./bin/0065_agapenet_unified_setup.py
     5	./bin/0060_emergency_syntax_fix.py
     5	./archive/cleanup-20260921_161947/scripts/or_optclean_v1.sh
     4	./scripts/preview_open_hardware.py
     4	./lessons/window-20260921_004746.md
     4	./designs/thermal-cascade/THEORY_AND_EVIDENCE.md
     4	./context_bridge/tree_optiplex_src.txt
     4	./context_bridge/report-secure-commit-20260920_021102.md
     4	./context_bridge/handoffs/session-20260926_225700-ladder-7of8.md
     4	./context_bridge/grep_sweep_20260927_205916/handoff_artifacts.txt
     4	./context_bridge/concepts/a_language_agape_v1.md
     4	./context_bridge/concept_mining/distill_20260928_012029/read_20260928_012238/08_auto_20260831_192347_log.md
     4	./context_bridge/concept_mining/distill_20260928_012029/read_20260928_012238/01_20260822073629_perplexity1.md
     4	./bin/mesh_fix_v3.sh
     4	./bin/goals_rebuild_v1_20260920.py
     4	./bin/git_push_delete_v9_20260920.py
     4	./bin/fix_planetary_math_commit_v2.py
     4	./bin/agape_cascade_v27.py
     4	./bin/1348_test_windows.py
     4	./bin/1340_test_misc.py
     4	./bin/1338_test_linux.py
     4	./bin/1289__pssunos.py
     4	./bin/1178__serializers.py
     4	./bin/1071__compat.py
     4	./bin/1059__compat.py
     4	./bin/0993_typing_objects.py
     4	./bin/0874_validate.py
     4	./bin/0817_Packet.py
     4	./bin/0768_agape_cooperation_theorem.py
     4	./bin/0767_test_thermo.py
     4	./bin/0715_test_misc.py
     4	./bin/0652_test_windows.py
     4	./bin/0649_test_linux.py
     4	./bin/0647__pssunos.py
     4	./bin/0613_LXMF.py
     4	./bin/0575_test_smoke.py
     4	./bin/0562_test-rescore.py
     4	./bin/0561_test-rescore-mutations.py
     4	./bin/0550_test-insert-delete.py
     4	./bin/0517_resolver.py
     4	./bin/0501_misc.py
     4	./bin/0476_prepare.py
     4	./bin/0392___init__.py
     4	./bin/0391___init__.py
     4	./bin/0356_exceptions.py
     4	./bin/0313_panel.py
     4	./bin/0293_containers.py
     4	./bin/0288_color.py
     4	./bin/0250_models.py
     4	./bin/0201_dependency_groups.py
     4	./bin/0159_exceptions.py
     4	./bin/0106_init.py
     4	./archive/window-20260921_004746/window-20260921_004746.md
     4	./archive/cleanup-20260921_160638/scripts/or_install_v1.sh
     3	./designs/thermal-cascade/BOM.md
     3	./context_bridge/mistake_solutions/dbb913e340d5827a.md
     3	./context_bridge/mistake_solutions/bb9f7768ff60db52.md
     3	./context_bridge/concept_mining/distill_20260928_012029/read_20260928_012238/03_aShellYou_20260820194201_txt.md
     3	./bin/secure_and_commit_v4_20260920.py
     3	./bin/queue_advance_v1.py
     3	./bin/mesh_ship_v2.sh
     3	./bin/mesh_retry_v1.sh
     3	./bin/logbridge_v1.sh
     3	./bin/hive_nursery.py
     3	./bin/frp12_execute.sh
     3	./bin/agape_cascade_v28.py
     3	./bin/1221_utils.py
     3	./bin/1219_types.py
     3	./bin/1204_dataclasses.py
     3	./bin/1068__types.py
     3	./bin/1067__streaming.py
     3	./bin/1025_mypy.py
     3	./bin/0980_distro.py
     3	./bin/0949_ggml_to_pt.py
     3	./bin/0946_convert-whisper-to-coreml.py
     3	./bin/0942_convert-h5-to-ggml.py
     3	./bin/0940_server.py
     3	./bin/0903_session.py
     3	./bin/0884_client.py
     3	./bin/0827_hashes.py
     3	./bin/0824_clean_md.py
     3	./bin/0814_Buffer.py
     3	./bin/0758_fix_errors.py
     3	./bin/0622_lxmd.py
     3	./bin/0595_nomen_core.py
     3	./bin/0537_faiss_kmeans.py
     3	./bin/0525_resolver.py
     3	./bin/0484_req_uninstall.py
     3	./bin/0469_download.py
     3	./bin/0442_collector.py
     3	./bin/0429_install.py
     3	./bin/0407_cmdoptions.py
     3	./bin/0390__in_process.py
     3	./bin/0371_retry.py
     3	./bin/0351__collections.py
     3	./bin/0310_padding.py
     3	./bin/0290_columns.py
     3	./bin/0255_utils.py
     3	./bin/0243_auth.py
     3	./bin/0205_metadata.py
     3	./bin/0169_controller.py
     3	./bin/0163_wheel_builder.py
     3	./bin/0096_deploy_v103_evap.py
     3	./bin/0069_agape_net_full_integration.py
     3	./bin/0066_storage_daemon.py
     3	./bin/0057_agape_primitive_forge.py
     3	./bin/0053_agape_kernel_v2.py
     3	./bin/0027_agape_frequency.py
     3	./bin/0016_openroot.py
     3	./analysis/frp8_20260920_003326/prune_plan.json
     3	./analysis/frp6_latest_plan.json
     3	./analysis/frp6_20260919_235335/plan.json
     2	./.tinycrew/runs/tinycrew-20260928_221311/audit_superloop_patch_v1.sh
     2	./tests/test_unified_workflow.py
     2	./setup_search.py
     2	./human_gate_bundle/repo_structure_proposal_20260924_082824.md
     2	./docs/README.draft.md
     2	./docs/BLOCKCHAIN-OF-CONTRIBUTIONS.md
     2	./designs/thermal-cascade/PROVENANCE.md
     2	./designs/thermal-cascade/BUILD.md
     2	./context_bridge/session-docrefresh-20260921_154522.md
     2	./context_bridge/session-2026-09-25-logbridge-gitabsorb-closeout.md
     2	./context_bridge/session-2026-09-21-lbloop-fix3.md
     2	./context_bridge/session-2026-09-19-gh-audit-triage.md
     2	./context_bridge/relay-recovery-20260926_040359.md
     2	./context_bridge/lumo-handoff-2026-09-14-night.md
     2	./context_bridge/handoffs/session-20260927_235550-vision-all-sealed-a168fb9c.md
     2	./context_bridge/handoff-20260928_232839-l0-exact-cache-sealed.md
     2	./bin/window_fuse_v1.py
     2	./bin/vision_all_v1.sh
     2	./bin/universal_unpack.py
     2	./bin/universal_index_pipeline.py
     2	./bin/todo_processor.py
     2	./bin/superlinear_strike_v1.py
     2	./bin/secure_and_commit_v5_20260920.py
     2	./bin/seal_session_v1.sh
     2	./bin/restore_readme_profile_landing_v1.py
     2	./bin/research_ready_v1.sh
     2	./bin/rebuild_core_workflow.sh
     2	./bin/pr59_reopen_squash_v2.py
     2	./bin/openroot_unified_launch_v1.sh
     2	./bin/openroot_superlinear_v1.py
     2	./bin/openroot_master_deploy.py
     2	./bin/onepass_v3.sh
     2	./bin/mesh_refine_v1.sh
     2	./bin/lb.sh
     2	./bin/goals_rebuild_v2_20260920.py
     2	./bin/goals_rebuild_v1.sh
     2	./bin/frp6_fleet_squash.sh
     2	./bin/fleet_squash_hygiene_v1.sh
     2	./bin/fleet_check_v1.sh
     2	./bin/autoupdate_loop.py
     2	./bin/audit_superloop_patch_v1.sh
     2	./bin/asset_assign_pipeline.py
     2	./bin/1343_test_process.py
     2	./bin/1330_winmake.py
     2	./bin/1290__pswindows.py
     2	./bin/1286__pslinux.py
     2	./bin/1283__compat.py
     2	./bin/1280_conf.py
     2	./bin/1276_tls.py
     2	./bin/1267__streams.py
     2	./bin/1244_interfaces.py
     2	./bin/1230_interfaces.py
     2	./bin/1215_networks.py
     2	./bin/1214_mypy.py
     2	./bin/1207_env_settings.py
     2	./bin/1199__hypothesis_plugin.py
     2	./bin/1160__decorators.py
     2	./bin/1086_embeddings.py
     2	./bin/1037_version.py
     2	./bin/1005__migration.py
     2	./bin/0996___init__.py
     2	./bin/0990___init__.py
     2	./bin/0973__receivebuffer.py
     2	./bin/0969__connection.py
     2	./bin/0918_compost.py
     2	./bin/0917_emergency_rescue.py
     2	./bin/0916_emergency_rescue.py
     2	./bin/0911_aes256.py
     2	./bin/0910_aes128.py
     2	./bin/0902_rnsh.py
     2	./bin/0901_retry.py
     2	./bin/0900_protocol.py
     2	./bin/0898_loop.py
     2	./bin/0897_listener.py
     2	./bin/0896_initiator.py
     2	./bin/0895_helpers.py
     2	./bin/0894_exception.py
     2	./bin/0893_args.py
     2	./bin/0891___init__.py
     2	./bin/0888_pages.py
     2	./bin/0853_RNodeMultiInterface.py
     2	./bin/0839_SHA256.py
     2	./bin/0834_HMAC.py
     2	./bin/0826_channel.py
     2	./bin/0815_Channel.py
     2	./bin/0771_import_euclid.py
     2	./bin/0755_emergency_rescue.py
     2	./bin/0713__pswindows.py
     2	./bin/0699_winmake.py
     2	./bin/0689_test_process.py
     2	./bin/0684__pslinux.py
     2	./bin/0682__compat.py
     2	./bin/0671_build_spec_v1.py
     2	./bin/0635_platformio-clusterfuzzlite-pre.py
     2	./bin/0632_conf.py
     2	./bin/0616_LXMessage.py
     2	./bin/0596_thermo_ledger.py
     2	./bin/0564_test-afbd.py
     2	./bin/0552_test-ivf-quantization.py
     2	./bin/0527_wheel.py
     2	./bin/0520_factory.py
     2	./bin/0516_versioncontrol.py
     2	./bin/0507_unpacking.py
     2	./bin/0481_req_file.py
     2	./bin/0452_pkg_resources.py
     2	./bin/0443_package_finder.py
     2	./bin/0388_resolution.py
     2	./bin/0383_response.py
     2	./bin/0380_connection.py
     2	./bin/0373_ssl_match_hostname.py
     2	./bin/0367_connection.py
     2	./bin/0364_connection.py
     2	./bin/0359_poolmanager.py
     2	./bin/0350__base_connection.py
     2	./bin/0349___init__.py
     2	./bin/0327_style.py
     2	./bin/0301_highlighter.py
     2	./bin/0226_lexer.py
     2	./bin/0187_intranges.py
     2	./bin/0181_util.py
     2	./bin/0179_resources.py
     2	./bin/0178_compat.py
     2	./bin/0136_platformio-custom.py
     2	./bin/0115_thermal_loop.py
     2	./bin/0107_agape_mesh_oracle.py
     2	./bin/0094_deploy_v101.py
     2	./bin/0082_autoupdate_loop.py
     2	./bin/0059_final_une_syntax_pass.py
     2	./bin/0046_smoke_fix.py
     2	./bin/0037_fix_last_une_error.py
     2	./bin/0034_repair_all_une_and_commit.py
     2	./bin/0029_agape_evolution_v2.py
     2	./bin/0025_fix_chain_verify.py
     2	./bin/0024_constitutive_compiler.py
     2	./bin/0022_agape_init.py
     2	./autoupdate_loop.py
     2	./analysis/frp5_20260919_234220/remotes.txt
     2	./analysis/frp5_20260919_234220/local_state.txt
     2	./analysis/frp5_20260919_233659/remotes.txt
     2	./analysis/frp5_20260919_233659/local_state.txt
     2	./analysis/frp12_20260920_012726/prune_targets.json
     2	./analysis/frp12_20260920_012638/prune_targets.json
     2	./analysis/frp12_20260920_012032/prune_targets.json
     1	./workareas/fuse-20260921_025613/lesson_chain_seal.json
     1	./workareas/cascade-v27-20260921_060108/cascade_report.md
     1	./wiki/Agape-Taxonomy-36.md
     1	./tools/run-task-ssh.sh
     1	./tools/run-task.sh
     1	./tools/run-task-optiplex.sh
     1	./.tinycrew/runs/tinycrew-20260928_221311/route-cache-fts-decision-20260928_231848.md
     1	./.tinycrew/runs/tinycrew-20260928_221311/PERPLEXITY_BUILD_PROMPT.md
     1	./.tinycrew/runs/tinycrew-20260928_221311/local_preflight-20260928_222441.md
     1	./.tinycrew/runs/tinycrew-20260928_221311/local_preflight-20260928_222115.md
     1	./tests/test_shell_workflows.py
     1	./templates/design-packet/docs/operation.md
     1	./templates/design-packet/bom/BOM.md
     1	./templates/design-packet/bom/BOM.csv
     1	./TASK.md
     1	./SUPERLINEAR.md
     1	./scripts/permaculture_router.py
     1	./run-remote.sh
     1	./perplexity_outbox/handoff_relay_20260928T201433Z.md
     1	./logs_unify_20260920_142739.txt
     1	./human_gate_bundle/superlinear_methodology_20260924_105843.md
     1	./.github/workflows/test.yml
     1	./.github/workflows/release.yml
     1	./.github/workflows/ci.yml
     1	./docs/SUPERLINEAR.md
     1	./docs/REPOSITORIES.md
     1	./docs/RELEASE_PROCESS.md
     1	./docs/markdown/MASTER_INDEX.md
     1	./designs/thermal-cascade/TEST_PLAN.md
     1	./designs/thermal-cascade/release-manifest.json
     1	./designs/thermal-cascade/docs/operation.md
     1	./designs/thermal-cascade/bom/BOM.md
     1	./designs/thermal-cascade/bom/BOM.csv
     1	./context_bridge/uplift_debris_20260925_214844.md
     1	./context_bridge/tree_optiplex_home.txt
     1	./context_bridge/tree_a15_sdcard.txt
     1	./context_bridge/terminal-history-window-20260921_035509.md
     1	./context_bridge/session-v1.0.0-launch-20260921_162046.md
     1	./context_bridge/session-v1.0.0-launch-20260921_161947.md
     1	./context_bridge/session-close-20260921-am.md
     1	./context_bridge/session-cicd-closeout-20260921_160334.md
     1	./context_bridge/session-2026-09-24-handoff.md
     1	./context_bridge/session-2026-09-21-pubready-seal.md
     1	./context_bridge/session-2026-09-20-floorlift-seal.md
     1	./context_bridge/session-2026-09-19-pr63-seal.md
     1	./context_bridge/session-20260919-1349-issue53-goals-sealed.md
     1	./context_bridge/session-20260919-0750-merge-sealed.md
     1	./context_bridge/session-2026-09-18_pr58-resolve.md
     1	./context_bridge/session-20260918_late-sealed.md
     1	./context_bridge/session-20260918_close-sealed.md
     1	./context_bridge/report-zombie-ref-kill-20260920_022749.md
     1	./context_bridge/report-next-actions-20260920_014329.md
     1	./context_bridge/report-master-harvest-20260920_020335.md
     1	./context_bridge/reasoning_policy/verification_status_policy_v1.md
     1	./context_bridge/readme_backup_20260921_154522/README.md
     1	./context_bridge/readme_backup_20260921_154022/README.md
     1	./context_bridge/permaculture-20260926_221730.md
     1	./context_bridge/permaculture-20260925_171206.md
     1	./context_bridge/permaculture-20260925_161157.md
     1	./context_bridge/permaculture-20260925_151136.md
     1	./context_bridge/permaculture-20260925_141136.md
     1	./context_bridge/permaculture-20260925_131127.md
     1	./context_bridge/permaculture-20260925_121108.md
     1	./context_bridge/permaculture-20260925_111107.md
     1	./context_bridge/permaculture-20260925_101107.md
     1	./context_bridge/permaculture-20260925_091037.md
     1	./context_bridge/permaculture-20260925_081037.md
     1	./context_bridge/permaculture-20260925_071027.md
     1	./context_bridge/pathway_settlement_v7_20260925_223939.md
     1	./context_bridge/optimization_analysis/tree_a15_20260928_161224.txt
     1	./context_bridge/optimization_analysis/small_archives_lt50mb.txt
     1	./context_bridge/optimization_analysis/large_archives_gt50mb.txt
     1	./context_bridge/mistake_solutions/c56e72f7f2f1e03a.md
     1	./context_bridge/mistake_solutions/154587b29fd69615.md
     1	./context_bridge/memory_enable_guide.md
     1	./context_bridge/lessons_draft_20260920.md
     1	./context_bridge/kai_deep_harvest_20260928_024955/text/OPENROOT_NODE001_FIELD.md
     1	./context_bridge/handoff_window-close-20260921-am.md
     1	./context_bridge/handoffs/session-20260928_010158-concepts-banked-corrected-sweep.md
     1	./context_bridge/handoffs/session-20260928_004510-superlinear-instruments.md
     1	./context_bridge/handoffs/session-20260927_232932-vision-repos-pipeline.md
     1	./context_bridge/handoffs/session-20260927_230746-fusion-sealed-2265c4aa.md
     1	./context_bridge/handoffs/session_20260926T221516Z_c6f0d97375d6355b.md
     1	./context_bridge/handoff-queue-drain-20260924_160905.md
     1	./context_bridge/handoff-queue-drain-20260924_160603.md
     1	./context_bridge/governor_promote_20260928_041935.md
     1	./context_bridge/gh_fleet_housekeeping_20260924_174428.md
     1	./context_bridge/concept_sweeps/20260928_004258/_INDEX.md
     1	./context_bridge/concepts/core_atomic_enum_draft.md
     1	./context_bridge/concept_mining/distill_20260928_012029/read_20260928_012238/07_20260820185922_AGZ.md
     1	./context_bridge/compost-20260928_053006.md
     1	./context_bridge/compost-20260927_224935.md
     1	./context_bridge/compost-20260927_144218.md
     1	./context_bridge/compost-20260926_160848.md
     1	./context_bridge/compost-20260926_160847.md
     1	./context_bridge/compost-20260926_160713.md
     1	./context_bridge/compost-20260926_053011.md
     1	./context_bridge/archive-20260920/MASTER_TODO.meshdraft.retry2.20260920_053533.md
     1	./.ci/permaculture/thermal-cascade-l0.report.json
     1	./.ci/permaculture/thermal-cascade-l0.local.report.json
     1	./.ci/permaculture/designs__thermal-cascade__router_context.report.json
     1	./.ci/permaculture/data__router_examples__thermal-cascade-l0.report.json
     1	./bootstrap_tinycrew_superloop_v2.sh
     1	./bin/week_sweep_team_review_v1.py
     1	./bin/uplift_pathway_audit_v3.sh
     1	./bin/triage100.py
     1	./bin/todo_tick_v1.sh
     1	./bin/superlinear.sh
     1	./bin/superlinear_setup.py
     1	./bin/superlinear_optimize_v1.sh
     1	./bin/run_handoff_v1.sh
     1	./bin/router_cache_probe_v1.py
     1	./bin/rollout_openroot.sh
     1	./bin/rescue_a15_unique.py
     1	./bin/reh1t_credit_check_v1.sh
     1	./bin/refine_next.sh
     1	./bin/recovery_final_status.sh
     1	./bin/readme_draft_loop.sh
     1	./bin/queue_directive.py
     1	./bin/profile_update_v1.sh
     1	./bin/populate_mistake_chain_v1.sh
     1	./bin/openrouter_client_v1.py
     1	./bin/openroot_public_readiness.py
     1	./bin/model_symposium.py
     1	./bin/model_prune.sh
     1	./bin/master_harvest_v3_20260920.py
     1	./bin/harness_tune_v1.py
     1	./bin/goals_rebuild_v3_20260920.py
     1	./bin/gh_fleet_housekeeping_v1.1.sh
     1	./bin/gh_audit_v3.sh
     1	./bin/gh_audit_v3_patched.sh
     1	./bin/gh_audit_v2.sh
     1	./bin/fleet_snapshot_symposium.sh
     1	./bin/finish_vision_v2.sh
     1	./bin/find_green777.py
     1	./bin/finalize_workflow.sh
     1	./bin/final_cleanup.sh
     1	./bin/faiss_search.py
     1	./bin/embed_warm_corpus.py
     1	./bin/doctrine_v1.sh
     1	./bin/doc_compile.py
     1	./bin/db_recon.py
     1	./bin/cache_pathway_orchestrator_v1.py
     1	./bin/bot_loop_with_lumo_monitor.py
     1	./bin/board.sh
     1	./bin/bank_week_scripts_v1.sh
     1	./bin/bank_week_scripts_v1.1.sh
     1	./bin/asset_preclassify_v2.py
     1	./bin/asset_preclassify.py
     1	./bin/agape_ledger_chain.py
     1	./bin/agape_cascade_v2.py
     1	./bin/add_contributor_acknowledgment_v1.sh
     1	./bin/abstract_grade.sh
     1	./bin/1318_download_wheels_appveyor.py
     1	./bin/1315_check_broken_links.py
     1	./bin/1285__psbsd.py
     1	./bin/1282__common.py
     1	./bin/1266__sockets.py
     1	./bin/1260__tempfile.py
     1	./bin/1256__streams.py
     1	./bin/1254__signals.py
     1	./bin/1252__fileio.py
     1	./bin/1250__eventloop.py
     1	./bin/1209_errors.py
     1	./bin/1206_decorator.py
     1	./bin/1203_config.py
     1	./bin/1201_class_validators.py
     1	./bin/1197__schema_validator.py
     1	./bin/1196__loader.py
     1	./bin/1195___init__.py
     1	./bin/1187_decorator.py
     1	./bin/1174__namespace_utils.py
     1	./bin/1171__known_annotated_metadata.py
     1	./bin/1116_chat_completion_chunk.py
     1	./bin/1098_embedding_create_params.py
     1	./bin/1080__sync.py
     1	./bin/1070___init__.py
     1	./bin/1062__files.py
     1	./bin/1056___init__.py
     1	./bin/1047__exceptions.py
     1	./bin/1017_errors.py
     1	./bin/0988_to_process.py
     1	./bin/0983_functools.py
     1	./bin/0975__util.py
     1	./bin/0974__state.py
     1	./bin/0971__headers.py
     1	./bin/0968__abnf.py
     1	./bin/0943_convert-parakeet-to-ggml.py
     1	./bin/0935_libc-util.py
     1	./bin/0934_unicode.py
     1	./bin/0920_generate-encoding-data.py
     1	./bin/0913_basic.py
     1	./bin/0906_SerialInterface.py
     1	./bin/0905_RNodeInterface.py
     1	./bin/0904_KISSInterface.py
     1	./bin/0890_util.py
     1	./bin/0887_main.py
     1	./bin/0886_highlight.py
     1	./bin/0885_commitsigs.py
     1	./bin/0883___init__.py
     1	./bin/0872_platformutils.py
     1	./bin/0869_rnx.py
     1	./bin/0868_rnstatus.py
     1	./bin/0867_rnsd.py
     1	./bin/0866_rnprobe.py
     1	./bin/0865_rnpkg.py
     1	./bin/0864_rnpath.py
     1	./bin/0862_rnir.py
     1	./bin/0860_rncp.py
     1	./bin/0859___init__.py
     1	./bin/0858___init__.py
     1	./bin/0856_UDPInterface.py
     1	./bin/0854_SerialInterface.py
     1	./bin/0852_RNodeInterface.py
     1	./bin/0851_PipeInterface.py
     1	./bin/0850_LocalInterface.py
     1	./bin/0849_KISSInterface.py
     1	./bin/0848_Interface.py
     1	./bin/0844_AX25KISSInterface.py
     1	./bin/0843___init__.py
     1	./bin/0841_Token.py
     1	./bin/0838_Proxies.py
     1	./bin/0837_Provider.py
     1	./bin/0836_PKCS7.py
     1	./bin/0835_Hashes.py
     1	./bin/0833_HKDF.py
     1	./bin/0832_Ed25519.py
     1	./bin/0831_AES.py
     1	./bin/0822___init__.py
     1	./bin/0818_Resolver.py
     1	./bin/0816_Discovery.py
     1	./bin/0807_Identify.py
     1	./bin/0765_rmh_labyrinth_model.py
     1	./bin/0745__common.py
     1	./bin/0723_download_wheels_appveyor.py
     1	./bin/0720_check_broken_links.py
     1	./bin/0705_earth_loop_v8.py
     1	./bin/0683__psbsd.py
     1	./bin/0675_makefile_gen.py
     1	./bin/0643_nrf54l15_linker.py
     1	./bin/0637_disable_adafruit_usb.py
     1	./bin/0636_router_fuzzer_seed_corpus.py
     1	./bin/0626_kernel_translator.py
     1	./bin/0623_openroot-classifier.py
     1	./bin/0615_LXMRouter.py
     1	./bin/0611_spiffsgen.py
     1	./bin/0610_gen_esp32part.py
     1	./bin/0605_synergetics_engine.py
     1	./bin/0586_axiom_cli.py
     1	./bin/0560_test-rename.py
     1	./bin/0556_test-legacy-compat.py
     1	./bin/0547_test-cache-finalize.py
     1	./bin/0546_test-auxiliary.py
     1	./bin/0535_generate_system_map.py
     1	./bin/0534_feed_oracle.py
     1	./bin/0533_chunk_and_seed.py
     1	./bin/0531__envs.py
     1	./bin/0529__compat.py
     1	./bin/0524_requirements.py
     1	./bin/0521_found_candidates.py
     1	./bin/0509_virtualenv.py
     1	./bin/0502_packaging.py
     1	./bin/0495_entrypoints.py
     1	./bin/0486__jaraco_text.py
     1	./bin/0478_constructors.py
     1	./bin/0475_freeze.py
     1	./bin/0472_utils.py
     1	./bin/0470_lazy_wheel.py
     1	./bin/0468_cache.py
     1	./bin/0465_wheel.py
     1	./bin/0460_release_control.py
     1	./bin/0458_installation_report.py
     1	./bin/0446__distutils.py
     1	./bin/0445___init__.py
     1	./bin/0439_sdist.py
     1	./bin/0433_show.py
     1	./bin/0417___init__.py
     1	./bin/0413_progress_bars.py
     1	./bin/0412_parser.py
     1	./bin/0410_main.py
     1	./bin/0389___init__.py
     1	./bin/0372_ssl_.py
     1	./bin/0370_response.py
     1	./bin/0365_probe.py
     1	./bin/0363___init__.py
     1	./bin/0361_pyopenssl.py
     1	./bin/0357_fields.py
     1	./bin/0342__writer.py
     1	./bin/0338__parser.py
     1	./bin/0332_text.py
     1	./bin/0317_prompt.py
     1	./bin/0315_progress.py
     1	./bin/0314_pretty.py
     1	./bin/0308_markup.py
     1	./bin/0307_logging.py
     1	./bin/0305_live.py
     1	./bin/0297_emoji.py
     1	./bin/0287_cells.py
     1	./bin/0259_structs.py
     1	./bin/0254_structures.py
     1	./bin/0247_exceptions.py
     1	./bin/0242_api.py
     1	./bin/0241_adapters.py
     1	./bin/0238___init__.py
     1	./bin/0237__impl.py
     1	./bin/0229_regexopt.py
     1	./bin/0220_windows.py
     1	./bin/0213___init__.py
     1	./bin/0211_version.py
     1	./bin/0209_tags.py
     1	./bin/0204_markers.py
     1	./bin/0185_core.py
     1	./bin/0180_scripts.py
     1	./bin/0161_pyproject.py
     1	./bin/0153___main__.py
     1	./bin/0147_core.py
     1	./bin/0144_add_mbedtls_sources.py
     1	./bin/0142_uf2conv.py
     1	./bin/0139_seed-json-to-proto.py
     1	./bin/0138_readprops.py
     1	./bin/0132_gen-fake-nodedb-seed.py
     1	./bin/0131_exception_decoder.py
     1	./bin/0124_analyze_map.py
     1	./bin/0095_deploy_thermal_loop.py
     1	./bin/0090_une_atomic_library.py
     1	./bin/0083_cb_user_hunter.py
     1	./bin/0081_governor.py
     1	./bin/0080_une_master.py
     1	./bin/0072_deepdive.py
     1	./bin/0071_une_fix.py
     1	./bin/0068_agape_net_setup.py
     1	./bin/0064_fix_final.py
     1	./bin/0063_surgical_fix.py
     1	./bin/0054_agape_ledger_chain.py
     1	./bin/0039_apape_net_setup.py
     1	./bin/0035_compressor_node.py
     1	./bin/0011_one_principle_n_power_n.py
     1	./bin/0010_groq_fallback.py
     1	./bin/0007_faiss_search.py
     1	./archive/session-20260925/superloop_wire_v4.sh
     1	./archive/cleanup-20260921_162046/backups/readme_backup_20260921_154022/README.md
     1	./archive/cleanup-20260921_161947/scripts/or_fullrepo_seal_v1.sh
     1	./archive/cleanup-20260921_161947/backups/readme_backup_20260921_154022/README.md
     1	./ARCHITECTURE.md
     1	./analysis/frp12_20260920_011836/quality_runs.json
     1	./analysis/frp10_20260920_005946/pr_checks.txt
     1	./analysis/frp10_20260920_005834/pr_checks.txt
     1	./analysis/frp10_20260920_005640/pr_checks.txt
