CONTRIBUTING.md	contribution_guide	1559	PRESENT
designs/thermal-cascade/bom/BOM.csv	measurement_data	429	PRESENT
designs/thermal-cascade/bom/BOM.csv	thermal_bom_csv	429	PRESENT
designs/thermal-cascade/BOM.md	thermal_bom_markdown	1468	PRESENT
designs/thermal-cascade/BUILD.md	thermal_build	1432	PRESENT
designs/thermal-cascade/INTAKE.md	thermal_intake	2149	PRESENT
designs/thermal-cascade/LICENSE.md	thermal_license	451	PRESENT
designs/thermal-cascade/MEASUREMENTS.md	thermal_measurements	1162	PRESENT
designs/thermal-cascade/metadata.yaml	thermal_metadata	598	PRESENT
designs/thermal-cascade/PROVENANCE.md	thermal_provenance	3139	PRESENT
designs/thermal-cascade/README.md	thermal_readme	1319	PRESENT
designs/thermal-cascade/release-manifest.json	measurement_data	550	PRESENT
designs/thermal-cascade/release-manifest.json	thermal_release_manifest	550	PRESENT
designs/thermal-cascade/router_context.json	measurement_data	1291	PRESENT
designs/thermal-cascade/SAFETY.md	thermal_safety	1679	PRESENT
designs/thermal-cascade/STATUS.md	thermal_status	535	PRESENT
designs/thermal-cascade/SYSTEM.md	thermal_system	4388	PRESENT
designs/thermal-cascade/TEST_PLAN.md	thermal_test_plan	1691	PRESENT
designs/thermal-cascade/THEORY_AND_EVIDENCE.md	thermal_theory_evidence	3719	PRESENT
docs/DESIGN_PACKETS.md	design_packet_standard	532	PRESENT
docs/EVIDENCE_LEVELS.md	evidence_standard	526	PRESENT
docs/LICENSING.md	licensing_guidance	378	PRESENT
docs/OPEN_HARDWARE_STATUS.md	oshw_status	1426	PRESENT
docs/RELEASE_PROCESS.md	release_process	3396	PRESENT
docs/REPOSITORIES.md	ecosystem_map	4565	PRESENT
LICENSE	repository_license	35149	PRESENT
path	type	bytes	status
README.md	hub_readme	8365	PRESENT
SECURITY.md	security_policy	108	PRESENT
