und-protocol|chore/uplift-v4-20260828-020649|+1
und-protocol|chore/uplift-v4-20260828-053524|+1
openroot-spoke-template|chore/uplift-v4-20260828-020649|+1
openroot-spoke-template|ci/shared-python-quality|+4
wisdom-scaffold|coderabbit/improve-changed-function-docstrings/8b19c9eb|+1
wisdom-scaffold|coderabbit/test-pull-request-changes/53f1efe6|+1
agapenet|chore/uplift-v4-20260828-020649|+1
agapenet|chore/uplift-v4-20260828-053524|+1
agapenet|ci/shared-python-quality|+1
agape-coordination|chore/uplift-baseline-20260828-234515|+1
agape-coordination|chore/uplift-v4-20260828-020649|+2
agape-coordination|ci/shared-python-quality|+6
jesseray718|agape-synergetic-engineering|+1
jesseray718|chore/uplift-v4-20260828-020649|+1
jesseray718|chore/uplift-v4-20260828-053524|+1
OpenCell-Thermal-System|chore/foundation-uplift-20260827-205905|+3
OpenCell-Thermal-System|chore/foundation-uplift-20260828-225816|+1
OpenCell-Thermal-System|chore/foundation-uplift-20260828-230544|+1
OpenCell-Thermal-System|chore/uplift-baseline-20260828-234024|+1
OpenCell-Thermal-System|chore/uplift-lite-20260827-231618|+1
OpenCell-Thermal-System|chore/uplift-lite-20260828-011224|+1
OpenCell-Thermal-System|chore/uplift-lite-20260828-012150|+1
OpenCell-Thermal-System|chore/uplift-lite-20260828-015227|+1
OpenCell-Thermal-System|chore/uplift-v4-20260828-020649|+1
OpenCell-Thermal-System|chore/uplift-v4-20260828-053524|+1
OpenCell-Thermal-System|coderabbit/add-pull-request-tests/7aea0d1b|+4
OpenCell-Thermal-System|dependabot/github_actions/actions/checkout-7|+3
fractallattice|chore/foundation-uplift-20260828-225816|+1
fractallattice|chore/foundation-uplift-20260828-230544|+1
fractallattice|chore/uplift-baseline-20260828-234351|+1
fractallattice|chore/uplift-v4-20260828-020649|+1
fractallattice|chore/uplift-v4-20260828-053524|+1
fractallattice|ci/shared-python-quality|+15
fractallattice|main|+11
oscillation-mesh|chore/foundation-uplift-20260828-225816|+1
oscillation-mesh|chore/foundation-uplift-20260828-230544|+2
oscillation-mesh|chore/uplift-baseline-20260828-234407|+1
oscillation-mesh|chore/uplift-v4-20260828-020649|+1
oscillation-mesh|chore/uplift-v4-20260828-053524|+1
aerocement|chore/knowledge-unify-20260901-011802-aerocement-|+1
aerocement|chore/uplift-baseline-20260828-234509|+1
aerocement|chore/uplift-lite-20260827-231056|+1
aerocement|chore/uplift-lite-20260827-231618|+1
aerocement|chore/uplift-lite-20260828-011224|+1
aerocement|chore/uplift-lite-20260828-012150|+1
aerocement|chore/uplift-lite-20260828-015227|+1
aerocement|chore/uplift-v4-20260828-020649|+1
